mag,dir,bacteria
4.134591853299438,0.09258043801124573,PMPAECLM
4.148934078802365,0.09285453527773622,PMPAECLM
4.141815442642283,0.09288553739748255,PMPAECLM
4.140313085928683,0.09257999717872024,PMPAECLM
4.140330382449927,0.09258043801124573,PMPAECLM
4.144805191823319,0.0929476034054002,PMPAECLM
4.147568063299783,0.09288240882629396,PMPAECLM
4.142174918956651,0.09334315663427976,PMPAECLM
4.1448054025245336,0.09294777095875144,PMPAECLM
4.14643408612735,0.09304098111289426,PMPAECLM
4.14640588840847,0.09304101882700017,PMPAECLM
4.141905315637014,0.09267287161974591,PMPAECLM
4.147643832732006,0.09267280966707743,PMPAECLM
4.142039104121086,0.09300968790079982,PMPAECLM
4.142039104121086,0.09300968790079982,PMPAECLM
4.141911366311613,0.09267337488621431,PMPAECLM
4.146173876802723,0.09291660128565386,PMPAECLM
4.149029954249561,0.0926421249550629,PMPAECLM
4.142041459425337,0.09300617316694589,PMPAECLM
4.142027507358552,0.09300970712742374,PMPAECLM
4.143285398571567,0.09264174577890612,PMPAECLM
4.14782076769016,0.09300979313441131,PMPAECLM
4.144793583110961,0.09294756012445717,PMPAECLM
4.140700482935158,0.09304093783195123,PMPAECLM
4.144793583110961,0.09294756012445717,PMPAECLM
4.147680509383203,0.09267337488621431,PMPAECLM
4.1420391041210864,0.09300968790079982,PMPAECLM
4.146173876802723,0.09291660128565386,PMPAECLM
4.1403243930877585,0.09257999717872024,PMPAECLM
4.149058694743481,0.09318763156586508,PMPAECLM
4.156302058561036,0.09294756012445717,PMPAECLM
4.147562494086011,0.09288279939136786,PMPAECLM
4.142033405186358,0.09300974985346828,PMPAECLM
4.13907188953917,0.09294777095875144,PMPAECLM
4.146173876802723,0.09291660128565386,PMPAECLM
4.139066662672829,0.09294760340540019,PMPAECLM
4.143285398571567,0.09264174577890612,PMPAECLM
4.153425088934095,0.09267325079590268,PMPAECLM
4.144793583110961,0.09294756012445717,PMPAECLM
4.149066338775525,0.09264218690773136,PMPAECLM
4.1449299256866885,0.09328096690526864,PMPAECLM
4.150700121350503,0.09328197984434822,PMPAECLM
4.141911014571742,0.09267280966707743,PMPAECLM
4.146039889531246,0.09257967977098848,PMPAECLM
4.147568063299783,0.09288240882629396,PMPAECLM
4.143291437154567,0.09264218690773136,PMPAECLM
4.149029954249561,0.0926421249550629,PMPAECLM
4.144929256621534,0.09328063810861975,PMPAECLM
4.143291437154567,0.09264218690773136,PMPAECLM
4.149199938240538,0.09352032036185544,PMPAECLM
4.146173876802723,0.09291660128565386,PMPAECLM
4.147819973057139,0.09355171304667564,PMPAECLM
4.146173876802723,0.09291660128565386,PMPAECLM
4.140313097898486,0.09258005894714523,PMPAECLM
4.143331223056717,0.09318761381321355,PMPAECLM
4.146188098116383,0.09291380151111418,PMPAECLM
4.144793583110961,0.09294756012445717,PMPAECLM
4.146187429051229,0.0929134727144653,PMPAECLM
4.1461755628335775,0.09291276549578713,PMPAECLM
4.146173876802723,0.09291660128565386,PMPAECLM
4.152085819876199,0.09325046177946193,PMPAECLM
4.14478788409054,0.09294762189288218,PMPAECLM
4.147297741723457,0.09221622643043598,PMPAECLM
4.134719154313459,0.09291664511791163,PMPAECLM
4.144811101459262,0.09294770900608296,PMPAECLM
4.134849059371396,0.09325000861778009,PMPAECLM
4.1449355068702625,0.09328063810861975,PMPAECLM
4.142092158299158,0.09355165063617943,PMPAECLM
4.150668325030527,0.09328063810861975,PMPAECLM
4.143291437154568,0.09264218690773136,PMPAECLM
4.1459348393409,0.0922470120607667,PMPAECLM
4.144811101459262,0.09294770900608296,PMPAECLM
4.139066662672829,0.0929476034054002,PMPAECLM
4.148683874897124,0.09218560337479013,PMPAECLM
4.149294411602927,0.09331252778737957,PMPAECLM
4.147783765842019,0.0930100228254057,PMPAECLM
4.149028739369527,0.09264497366871137,PMPAECLM
4.146187429051228,0.0929134727144653,PMPAECLM
4.143291437154567,0.09264218690773136,PMPAECLM
4.144811101459262,0.09294770900608296,PMPAECLM
4.1448054025245336,0.09294777095875144,PMPAECLM
4.1561852668586985,0.09261106106689158,PMPAECLM
4.146173876802723,0.09291660128565386,PMPAECLM
4.149023927722056,0.09264174577890612,PMPAECLM
4.144542461116283,0.09227763511641256,PMPAECLM
4.140313085928683,0.09257999717872024,PMPAECLM
4.156313763775028,0.09294760340540019,PMPAECLM
4.144846791160127,0.09294777095875144,PMPAECLM
4.144811101459262,0.09294770900608296,PMPAECLM
4.144929256621534,0.09328063810861975,PMPAECLM
4.143291437154567,0.09264218690773136,PMPAECLM
4.1449355068702625,0.09328063810861975,PMPAECLM
4.139066662672829,0.0929476034054002,PMPAECLM
4.143303022685587,0.09264262774025685,PMPAECLM
4.144705490012734,0.09315628353888955,PMPAECLM
4.144805191823319,0.0929476034054002,PMPAECLM
4.144793583110961,0.09294756012445717,PMPAECLM
4.140313097898486,0.09258005894714523,PMPAECLM
4.150668325030527,0.09328063810861975,PMPAECLM
4.152048420020577,0.09324957422044844,PMPAECLM
4.13907188953917,0.09294777095875144,PMPAECLM
4.141815442642283,0.09288553739748255,PMPAECLM
4.152050774323549,0.09324606658515938,PMPAECLM
4.150668454837178,0.09328096690526864,PMPAECLM
4.147567524041278,0.09288240882629399,PMPAECLM
4.15481440210646,0.09318728565863588,PMPAECLM
4.1461755628335775,0.09291276549578713,PMPAECLM
4.152048420020577,0.09324957422044844,PMPAECLM
4.152054329656521,0.09324967982113119,PMPAECLM
4.143208809194209,0.09285107855196999,PMPAECLM
4.140324835102525,0.09258043801124573,PMPAECLM
4.140324835102525,0.09258043801124573,PMPAECLM
4.147570458275379,0.09288553739748255,PMPAECLM
4.146188098116383,0.09291380151111418,PMPAECLM
4.140582443087262,0.09324967982113119,PMPAECLM
4.151784129721699,0.09257967977098848,PMPAECLM
4.14893576483322,0.09285069948786949,PMPAECLM
4.147567524041278,0.09288240882629399,PMPAECLM
4.140330382449927,0.09258043801124573,PMPAECLM
4.147567524041278,0.09288240882629399,PMPAECLM
4.143208809194209,0.09285107855196999,PMPAECLM
4.143460869831546,0.09352032036185544,PMPAECLM
4.1432154664314185,0.09285184724188471,PMPAECLM
4.144707304591262,0.09315278298086554,PMPAECLM
4.148934078802365,0.09285453527773622,PMPAECLM
4.148806118058392,0.09251799293922759,PMPAECLM
4.148948040759671,0.09285107855196999,PMPAECLM
4.149075463247169,0.09318761381321355,PMPAECLM
4.14306187786794,0.09251799293922759,PMPAECLM
4.148806118058392,0.09251799293922759,PMPAECLM
4.150333775845556,0.09282084512213838,PMPAECLM
4.143331223056717,0.09318761381321355,PMPAECLM
4.144459269428972,0.09248736988358176,PMPAECLM
4.144459269428972,0.09248736988358176,PMPAECLM
4.142086602875529,0.09355165063617943,PMPAECLM
4.149063725577193,0.09318724182637811,PMPAECLM
4.1560643236188115,0.09282357699024767,PMPAECLM
4.148934078802365,0.09285453527773622,PMPAECLM
4.141815442642283,0.09288553739748255,PMPAECLM
4.147567524041278,0.09288240882629399,PMPAECLM
4.144705490012734,0.09315628353888955,PMPAECLM
4.157450340122752,0.09279268083542118,PMPAECLM
4.14894763105087,0.09285140670654764,PMPAECLM
4.144705490012734,0.09315628353888955,PMPAECLM
4.144495355763806,0.09248736988358176,PMPAECLM
4.149075463247169,0.09318761381321355,PMPAECLM
4.144705490012734,0.09315628353888955,PMPAECLM
4.154814402106459,0.09318728565863588,PMPAECLM
4.14907587295597,0.09318728565863588,PMPAECLM
4.1560643236188115,0.09282357699024767,PMPAECLM
4.148934078802365,0.09285453527773622,PMPAECLM
4.149199938240538,0.09352032036185544,PMPAECLM
4.1548145316561635,0.09318761381321355,PMPAECLM
4.145963802611118,0.09278951484781438,PMPAECLM
4.144501393548899,0.0924878104189188,PMPAECLM
4.144705490012734,0.09315628353888955,PMPAECLM
4.144459269428972,0.09248736988358176,PMPAECLM
4.147568063299783,0.09288240882629396,PMPAECLM
4.157322636217197,0.09245680829917248,PMPAECLM
4.154820441150512,0.0931877197781334,PMPAECLM
4.151572696920916,0.09245686988408179,PMPAECLM
4.157322636217197,0.09245680829917248,PMPAECLM
4.137597710071353,0.09318761381321355,PMPAECLM
4.157322636217197,0.09245680829917248,PMPAECLM
4.144629097454454,0.0928236829551675,PMPAECLM
4.143208809194209,0.09285107855196999,PMPAECLM
4.148948638880697,0.09285223780695857,PMPAECLM
4.143214927172916,0.09285184724188471,PMPAECLM
4.147562494086011,0.09288279939136786,PMPAECLM
4.147562494086011,0.09288279939136786,PMPAECLM
4.1501865521262316,0.09248743146849107,PMPAECLM
4.141838683802764,0.09288574896308514,PMPAECLM
4.148954208094467,0.09285184724188471,PMPAECLM
4.154820441150512,0.0931877197781334,PMPAECLM
4.137597710071353,0.09318761381321355,PMPAECLM
4.14894784080193,0.09285158085573202,PMPAECLM
4.144759412501398,0.09315671765838707,PMPAECLM
4.150314384322531,0.09282363857515696,PMPAECLM
4.137346622233985,0.09251881253866513,PMPAECLM
4.144629097454454,0.0928236829551675,PMPAECLM
4.145822418945371,0.09245642934874475,PMPAECLM
4.144754653753677,0.09315278298086554,PMPAECLM
4.148953668835964,0.09285184724188471,PMPAECLM
4.1501865521262316,0.09248743146849107,PMPAECLM
4.143331094043105,0.09318728565863588,PMPAECLM
4.133151295991727,0.0928236829551675,PMPAECLM
4.148954208094467,0.09285184724188471,PMPAECLM
4.150314384322531,0.09282363857515696,PMPAECLM
4.137597710071353,0.09318761381321355,PMPAECLM
4.154820441150512,0.0931877197781334,PMPAECLM
4.148954208094467,0.09285184724188471,PMPAECLM
4.144629097454454,0.0928236829551675,PMPAECLM
4.143215139685474,0.09285184724188471,PMPAECLM
4.146009204464047,0.09279268083542118,PMPAECLM
4.141763354934123,0.09309444684922603,PMPAECLM
4.138880762348182,0.09282007643222366,PMPAECLM
4.145963802611119,0.09278951484781438,PMPAECLM
4.147419996540838,0.09254867765124215,PMPAECLM
4.153080507836063,0.09276174030058415,PMPAECLM
4.153210025852407,0.09309411933485845,PMPAECLM
4.147267656939236,0.09242630800160608,PMPAECLM
4.153080507836063,0.09276174030058415,PMPAECLM
4.157452821714437,0.09278951484781438,PMPAECLM
4.134525691961355,0.09279268083542118,PMPAECLM
4.144459269428972,0.09248736988358176,PMPAECLM
4.141596995333372,0.09276174030058415,PMPAECLM
4.140142758895443,0.09245680829917248,PMPAECLM
4.133024122735361,0.0924878104189188,PMPAECLM
4.145963802611118,0.09278951484781438,PMPAECLM
4.143209477466325,0.09285140670654764,PMPAECLM
4.145963802611119,0.09278951484781438,PMPAECLM
4.144752300452737,0.09315628353888955,PMPAECLM
4.144460113879773,0.09248730780368569,PMPAECLM
4.134525691961355,0.09279268083542118,PMPAECLM
4.144595862904058,0.0928213469443183,PMPAECLM
4.1516944913321225,0.09279263645541065,PMPAECLM
4.14893428933248,0.09285470246332828,PMPAECLM
4.141596995333372,0.09276174030058415,PMPAECLM
4.151572696920916,0.09245686988408179,PMPAECLM
4.151572696920916,0.09245686988408179,PMPAECLM
4.144595323645555,0.0928213469443183,PMPAECLM
4.153080507836063,0.09276174030058415,PMPAECLM
4.145963802611119,0.09278951484781438,PMPAECLM
4.1560643236188115,0.09282357699024767,PMPAECLM
4.148953668835964,0.09285184724188471,PMPAECLM
4.140399044644439,0.09312538738406306,PMPAECLM
4.1402167381563055,0.09279263645541065,PMPAECLM
4.147377948349749,0.09276174030058415,PMPAECLM
4.145963802611118,0.09278951484781438,PMPAECLM
4.144629097454454,0.0928236829551675,PMPAECLM
4.157327330938059,0.09245975177856529,PMPAECLM
4.144629097454454,0.0928236829551675,PMPAECLM
4.137603571278791,0.0931877197781334,PMPAECLM
4.150334185554356,0.0928205169675607,PMPAECLM
4.145838025296033,0.09245991220688322,PMPAECLM
4.151566659135823,0.09245642934874475,PMPAECLM
4.147349958991864,0.09275901455024797,PMPAECLM
4.147349958991864,0.09275901455024797,PMPAECLM
4.157321537798724,0.09245991220688322,PMPAECLM
4.1448054025245336,0.09294777095875144,PMPAECLM
4.153080507836063,0.09276174030058415,PMPAECLM
4.153080507836063,0.09276174030058415,PMPAECLM
4.140481880979263,0.09345809393270495,PMPAECLM
4.149211687788462,0.09352075448135296,PMPAECLM
4.148934078802365,0.09285453527773622,PMPAECLM
4.157450340122752,0.09279268083542118,PMPAECLM
4.150210049428268,0.09248831224109873,PMPAECLM
4.153210693333303,0.09309444684922603,PMPAECLM
4.147470753540168,0.09309411933485845,PMPAECLM
4.148957530309192,0.09285491475458903,PMPAECLM
4.153080507836063,0.09276174030058415,PMPAECLM
4.157450340122752,0.09279268083542118,PMPAECLM
4.133151295991727,0.0928236829551675,PMPAECLM
4.147471712531259,0.09309494291505394,PMPAECLM
4.143472415476224,0.09352075448135296,PMPAECLM
4.151572696920916,0.09245686988408179,PMPAECLM
4.154820441150512,0.0931877197781334,PMPAECLM
4.147214351730507,0.0924263695865154,PMPAECLM
4.148954208094467,0.09285184724188471,PMPAECLM
4.143215022641665,0.09285158085573202,PMPAECLM
4.144629097454454,0.0928236829551675,PMPAECLM
4.150314384322531,0.09282363857515696,PMPAECLM
4.144717339444095,0.09315727613471116,PMPAECLM
4.145838059059286,0.09245975177856529,PMPAECLM
4.148954208094467,0.09285184724188471,PMPAECLM
4.145838059059286,0.09245975177856529,PMPAECLM
4.145838720255207,0.09246008011813345,PMPAECLM
4.147349958991864,0.09275901455024797,PMPAECLM
4.157450340122752,0.09279268083542118,PMPAECLM
4.1445954438913075,0.0928205169675607,PMPAECLM
4.145997841340155,0.09279274242033049,PMPAECLM
4.151720341935101,0.0927900166699943,PMPAECLM
4.146009204464047,0.09279268083542118,PMPAECLM
4.140481880979263,0.09345809393270495,PMPAECLM
4.153080507836063,0.09276174030058415,PMPAECLM
4.1487222959917744,0.09273090609208805,PMPAECLM
4.145963802611118,0.09278951484781438,PMPAECLM
4.1472188272647985,0.09242907799838712,PMPAECLM
4.151830715873415,0.09312577712355004,PMPAECLM
4.157328685588349,0.0924573101213524,PMPAECLM
4.157450340122752,0.09279268083542118,PMPAECLM
4.149211687788462,0.09352075448135296,PMPAECLM
4.151844407219669,0.09312305137321386,PMPAECLM
4.149087306097631,0.0931879494578086,PMPAECLM
4.15745887108559,0.0927900166699943,PMPAECLM
4.147470753540168,0.09309411933485845,PMPAECLM
4.156330733657344,0.09348942420702895,PMPAECLM
4.15482032362035,0.0931874533919807,PMPAECLM
4.147214351730507,0.0924263695865154,PMPAECLM
4.157450340122752,0.09279268083542118,PMPAECLM
4.1472085637400555,0.09242586776433548,PMPAECLM
4.147470915500659,0.09309428724610869,PMPAECLM
4.147214351730507,0.0924263695865154,PMPAECLM
4.147470915500659,0.09309428724610869,PMPAECLM
4.157450340122752,0.09279268083542118,PMPAECLM
4.151830715873415,0.09312577712355004,PMPAECLM
4.143209099138882,0.09285158085573202,PMPAECLM
4.150334392054548,0.0928213469443183,PMPAECLM
4.150210049428268,0.09248831224109873,PMPAECLM
4.153094199182317,0.09275901455024797,PMPAECLM
4.150345957935276,0.09282108055816561,PMPAECLM
4.141735104195537,0.09309172109888986,PMPAECLM
4.145975840363946,0.0927900166699943,PMPAECLM
4.145975563022236,0.0927900166699943,PMPAECLM
4.145838059059286,0.09245975177856529,PMPAECLM
4.144717339444095,0.09315727613471116,PMPAECLM
4.145975692035847,0.09279034482457198,PMPAECLM
4.138889825142216,0.0928236829551675,PMPAECLM
4.140487882993329,0.09345858999853285,PMPAECLM
4.147470915500659,0.09309428724610869,PMPAECLM
4.153094199182317,0.09275901455024797,PMPAECLM
4.147349958991864,0.09275901455024797,PMPAECLM
4.147470915500659,0.09309428724610869,PMPAECLM
4.156330733657344,0.09348942420702895,PMPAECLM
4.145711013305479,0.0921242131532463,PMPAECLM
4.143348114669032,0.09318827825445748,PMPAECLM
4.137346622233985,0.09251881253866513,PMPAECLM
4.154820441150512,0.0931877197781334,PMPAECLM
4.148829954438218,0.09251937612927004,PMPAECLM
4.144717339444095,0.09315727613471116,PMPAECLM
4.148957530309192,0.09285491475458903,PMPAECLM
4.137603571278791,0.0931877197781334,PMPAECLM
4.13907776271641,0.09294793869209626,PMPAECLM
4.144728871937193,0.09315688556963729,PMPAECLM
4.15007514648634,0.09215521527299263,PMPAECLM
4.145969035302151,0.09279311482135301,PMPAECLM
4.1373526347068,0.09251937612927004,PMPAECLM
4.150210049428268,0.09248831224109873,PMPAECLM
4.134719154313459,0.09291664511791164,PMPAECLM
4.1432182096110965,0.09285491475458903,PMPAECLM
4.144599096148753,0.09282385086641771,PMPAECLM
4.1475480860901826,0.09288555588496451,PMPAECLM
4.140364120976538,0.09312611312188203,PMPAECLM
4.144728871937193,0.09315688556963729,PMPAECLM
4.151590156437861,0.0924573101213524,PMPAECLM
4.145838059059286,0.09245975177856529,PMPAECLM
4.1432182096110965,0.09285491475458903,PMPAECLM
4.14165020112189,0.09276184662692506,PMPAECLM
4.148829954438218,0.09251937612927004,PMPAECLM
4.144599096148753,0.09282385086641771,PMPAECLM
4.150210049428268,0.09248831224109873,PMPAECLM
4.147349697611163,0.09275901455024797,PMPAECLM
4.140487882993329,0.09345858999853285,PMPAECLM
4.151590156437861,0.0924573101213524,PMPAECLM
4.147419996540838,0.09254867765124215,PMPAECLM
4.143189838611913,0.09285453527773622,PMPAECLM
4.1530944765240285,0.09275901455024797,PMPAECLM
4.144595323645555,0.0928213469443183,PMPAECLM
4.147218294266114,0.09242907799838712,PMPAECLM
4.144457790089203,0.09249058598706139,PMPAECLM
4.148957530309192,0.09285491475458903,PMPAECLM
4.144598316620688,0.09282391263484273,PMPAECLM
4.145963802611119,0.09278951484781438,PMPAECLM
4.144717339444095,0.09315727613471116,PMPAECLM
4.141596995333372,0.09276174030058415,PMPAECLM
4.147214351730507,0.0924263695865154,PMPAECLM
4.140487882993329,0.09345858999853285,PMPAECLM
4.147349697611163,0.09275901455024797,PMPAECLM
4.149211687788462,0.09352075448135296,PMPAECLM
4.13466067745444,0.09312555529531329,PMPAECLM
4.1432182096110965,0.09285491475458903,PMPAECLM
4.148957530309192,0.09285491475458903,PMPAECLM
4.1432182096110965,0.09285491475458903,PMPAECLM
4.1502148233968965,0.0924904866843637,PMPAECLM
4.1447282216786245,0.09315727613471116,PMPAECLM
4.137286241659102,0.09273107417916981,PMPAECLM
4.145978597348353,0.09279314018708747,PMPAECLM
4.1432182096110965,0.09285491475458903,PMPAECLM
4.143106911078282,0.09306361264072993,PMPAECLM
4.143223944626473,0.09285503847568251,PMPAECLM
4.144728502117928,0.09315661918348461,PMPAECLM
4.147471712531259,0.09309494291505394,PMPAECLM
4.150331308499026,0.09282414230683378,PMPAECLM
4.148957530309192,0.09285491475458903,PMPAECLM
4.144598316620688,0.09282391263484273,PMPAECLM
4.150210049428268,0.09248831224109873,PMPAECLM
4.140399206604929,0.09312555529531329,PMPAECLM
4.144598490338762,0.09282414230683378,PMPAECLM
4.141767822262768,0.09309428724610869,PMPAECLM
4.1432182096110965,0.09285491475458903,PMPAECLM
4.141644074051732,0.09276207629891614,PMPAECLM
4.144717339444095,0.09315727613471116,PMPAECLM
4.137286241659102,0.09273107417916981,PMPAECLM
4.140356901035006,0.0931283251148516,PMPAECLM
4.1432182096110965,0.09285491475458903,PMPAECLM
4.150343348309009,0.09282391263484273,PMPAECLM
4.1432182096110965,0.09285491475458903,PMPAECLM
4.1487222959917744,0.09273090609208805,PMPAECLM
4.14165020112189,0.09276184662692506,PMPAECLM
4.1487222959917744,0.09273090609208805,PMPAECLM
4.144599096148753,0.09282385086641771,PMPAECLM
4.154596721679467,0.09306361264072993,PMPAECLM
4.140486676823446,0.09346135981807117,PMPAECLM
4.141780639394586,0.09309455317556696,PMPAECLM
4.14165020112189,0.09276184662692506,PMPAECLM
4.1445870923836114,0.09282426602792726,PMPAECLM
4.1432182096110965,0.09285491475458903,PMPAECLM
4.14014304835849,0.0924573101213524,PMPAECLM
4.140356901035006,0.0931283251148516,PMPAECLM
4.141650374839963,0.09276207629891614,PMPAECLM
4.141778641726835,0.09309732299510527,PMPAECLM
4.1477355441134725,0.0937629608519216,PMPAECLM
4.148727419975948,0.09273344885177587,PMPAECLM
4.1417806898869065,0.0930951110021357,PMPAECLM
4.157327330938059,0.09245975177856529,PMPAECLM
4.140521406850396,0.09346099003687335,PMPAECLM
4.140364120976538,0.09312611312188203,PMPAECLM
4.145838720255207,0.09246008011813345,PMPAECLM
4.140356901035006,0.0931283251148516,PMPAECLM
4.141780386619129,0.09309455317556696,PMPAECLM
4.134531564961809,0.09279284874667139,PMPAECLM
4.15321674421958,0.09309494291505394,PMPAECLM
4.147395232810211,0.09276184662692506,PMPAECLM
4.142856218621767,0.09239586880722354,PMPAECLM
4.1487222959917744,0.09273090609208805,PMPAECLM
4.14898120800749,0.09339599167500423,PMPAECLM
4.147471712531259,0.09309494291505394,PMPAECLM
4.154350720339479,0.09239586880722354,PMPAECLM
4.140234357157901,0.09279314018708747,PMPAECLM
4.1487222959917744,0.09273090609208805,PMPAECLM
4.147219000982872,0.0924293076703782,PMPAECLM
4.138654985544804,0.09270013364433279,PMPAECLM
4.140234345188097,0.09279307841866247,PMPAECLM
4.148987209589875,0.0933964872764536,PMPAECLM
4.137279940870871,0.09273107417916981,PMPAECLM
4.148470305668436,0.0920655369220939,PMPAECLM
4.15473198850274,0.0933964872764536,PMPAECLM
4.142856218621767,0.09239586880722354,PMPAECLM
4.141650374839963,0.09276207629891614,PMPAECLM
4.14748930805963,0.0930951110021357,PMPAECLM
4.141650374839963,0.09276207629891614,PMPAECLM
4.145838720255207,0.09246008011813345,PMPAECLM
4.154737201312693,0.09339892402895571,PMPAECLM
4.154737201312693,0.09339892402895571,PMPAECLM
4.147489179046016,0.09309478284755802,PMPAECLM
4.14165020112189,0.09276184662692506,PMPAECLM
4.141779969162092,0.09309732299510527,PMPAECLM
4.147606511405172,0.09343002954374717,PMPAECLM
4.143149130504831,0.09306361264072993,PMPAECLM
4.149040305844441,0.09339892402895571,PMPAECLM
4.15746219460254,0.09279307841866247,PMPAECLM
4.154349899105927,0.09239830555063187,PMPAECLM
4.1487222959917744,0.09273090609208805,PMPAECLM
4.148992422399828,0.09339892402895571,PMPAECLM
4.147606511405172,0.09343002954374717,PMPAECLM
4.148992422399828,0.09339892402895571,PMPAECLM
4.148992422399828,0.09339892402895571,PMPAECLM
4.1502371835287635,0.0930352769454768,PMPAECLM
4.154601316709624,0.09306627906522313,PMPAECLM
4.1502371835287635,0.0930352769454768,PMPAECLM
4.154596054198571,0.09306328512636235,PMPAECLM
4.154737201312693,0.09339892402895571,PMPAECLM
4.154737201312693,0.09339892402895571,PMPAECLM
4.1487222959917744,0.09273090609208805,PMPAECLM
4.144527537718741,0.0930352769454768,PMPAECLM
4.160351256005906,0.09306621748031381,PMPAECLM
4.154349899105927,0.09239830555063187,PMPAECLM
4.140356901035006,0.0931283251148516,PMPAECLM
4.148992422399828,0.09339892402895571,PMPAECLM
4.150443902338875,0.09315601760943126,PMPAECLM
4.147591196433727,0.09288553739748255,PMPAECLM
4.148979508211808,0.09339865809949743,PMPAECLM
4.1502371835287635,0.0930352769454768,PMPAECLM
4.148992422399828,0.09339892402895571,PMPAECLM
4.143276369877305,0.09339876149454256,PMPAECLM
4.15746219460254,0.09279307841866247,PMPAECLM
4.148979463115196,0.09339876149454256,PMPAECLM
4.15746219460254,0.09279307841866247,PMPAECLM
4.15746219460254,0.09279307841866247,PMPAECLM
4.160351256005906,0.09306621748031381,PMPAECLM
4.1487222959917744,0.09273090609208805,PMPAECLM
4.147606511405173,0.09343002954374717,PMPAECLM
4.154731631756569,0.09339931376844268,PMPAECLM
4.154349366107243,0.09239830555063185,PMPAECLM
4.154349366107243,0.09239830555063185,PMPAECLM
4.1487222959917744,0.09273090609208805,PMPAECLM
4.15746219460254,0.09279307841866247,PMPAECLM
4.137403145422084,0.09306638246026826,PMPAECLM
4.154737201312693,0.09339892402895571,PMPAECLM
4.14895781265412,0.09285545400641021,PMPAECLM
4.153091695939035,0.09276236754679702,PMPAECLM
4.1428548678020105,0.09239830555063185,PMPAECLM
4.147346651770435,0.09276412263195404,PMPAECLM
4.138654985544804,0.09270013364433279,PMPAECLM
4.138654985544804,0.09270013364433279,PMPAECLM
4.148726886977265,0.09273344885177585,PMPAECLM
4.140356901035006,0.0931283251148516,PMPAECLM
4.148963487527446,0.09285526814767359,PMPAECLM
4.144728072691088,0.09315932723459792,PMPAECLM
4.140362657171583,0.09312822171980646,PMPAECLM
4.140362657171583,0.09312822171980646,PMPAECLM
4.144592779348536,0.09282414230683378,PMPAECLM
4.150331308499026,0.09282414230683378,PMPAECLM
4.148957530309192,0.09285491475458903,PMPAECLM
4.150331308499026,0.09282414230683378,PMPAECLM
4.1403626691413855,0.09312828348823145,PMPAECLM
4.145838116345327,0.09245971423660844,PMPAECLM
4.150331308499026,0.09282414230683378,PMPAECLM
4.144598490338762,0.09282414230683378,PMPAECLM
4.150331308499026,0.09282414230683378,PMPAECLM
4.144592779348536,0.09282414230683378,PMPAECLM
4.138859961188271,0.09282414230683378,PMPAECLM
4.144592779348536,0.09282414230683378,PMPAECLM
4.150343570462,0.09282414230683378,PMPAECLM
4.144587092383611,0.09282426602792726,PMPAECLM
4.14748930805963,0.0930951110021357,PMPAECLM
4.144587092383611,0.09282426602792726,PMPAECLM
4.145967384833569,0.09279355515606182,PMPAECLM
4.1402343571579,0.09279314018708745,PMPAECLM
4.153091695939035,0.09276236754679702,PMPAECLM
4.140234345188097,0.09279307841866247,PMPAECLM
4.14461670982229,0.09336521922724898,PMPAECLM
4.153091707958576,0.09276242931522201,PMPAECLM
4.144715404367097,0.09315940932907125,PMPAECLM
4.144587092383611,0.09282426602792726,PMPAECLM
4.144587092383611,0.09282426602792726,PMPAECLM
4.143207021540657,0.09285545400641021,PMPAECLM
4.146097031608398,0.09312626170470371,PMPAECLM
4.141614637638056,0.09276236754679702,PMPAECLM
4.148987524579945,0.09339710667891216,PMPAECLM
4.144235160251969,0.09236759467876643,PMPAECLM
4.1402343571579,0.09279314018708745,PMPAECLM
4.147477114542951,0.0930951358638639,PMPAECLM
4.146096822092993,0.09312584673572934,PMPAECLM
4.144592779348536,0.09282414230683378,PMPAECLM
4.146096822092993,0.09312584673572934,PMPAECLM
4.141614637638056,0.09276236754679702,PMPAECLM
4.144592779348536,0.09282414230683378,PMPAECLM
4.141614637638056,0.09276236754679702,PMPAECLM
4.140234345188097,0.09279307841866247,PMPAECLM
4.146097620171759,0.09312650368695591,PMPAECLM
4.144715335195445,0.09315938900302294,PMPAECLM
4.148987524579945,0.09339710667891216,PMPAECLM
4.144592779348536,0.09282414230683378,PMPAECLM
4.14748930805963,0.0930951110021357,PMPAECLM
4.14748930805963,0.0930951110021357,PMPAECLM
4.153222010985978,0.0930954022500166,PMPAECLM
4.14597878278872,0.09279343143496836,PMPAECLM
4.1420381143630225,0.0937629608519216,PMPAECLM
4.138654521513494,0.09270036330730437,PMPAECLM
4.141778755918142,0.09309724020422298,PMPAECLM
4.148987524579945,0.09339710667891216,PMPAECLM
4.147477912621718,0.09309579281509046,PMPAECLM
4.147218408795285,0.09242900336474298,PMPAECLM
4.147489179046016,0.09309478284755802,PMPAECLM
4.145985136301561,0.09279307841866247,PMPAECLM
4.145985136301561,0.09279307841866247,PMPAECLM
4.144592779348536,0.09282414230683378,PMPAECLM
4.147401165953426,0.09276207629891614,PMPAECLM
4.141614637638056,0.09276236754679702,PMPAECLM
4.14721833978695,0.09242897933081003,PMPAECLM
4.13866653410906,0.09270036330730437,PMPAECLM
4.145779518185215,0.09266942277246737,PMPAECLM
4.147401165953426,0.09276207629891614,PMPAECLM
4.144587092383611,0.09282426602792726,PMPAECLM
4.1516122631687695,0.09300212932110925,PMPAECLM
4.150366830303592,0.09336798349411868,PMPAECLM
4.153080507836063,0.09276174030058415,PMPAECLM
4.151835205890869,0.09312849092745017,PMPAECLM
4.144527594793893,0.09303523578121464,PMPAECLM
4.147524209352546,0.09309732299510527,PMPAECLM
4.154601316709624,0.09306627906522313,PMPAECLM
4.1561016447615815,0.09282357699024767,PMPAECLM
4.1432879063256705,0.09339892402895571,PMPAECLM
4.147477114542951,0.0930951358638639,PMPAECLM
4.149063444370744,0.09319101479561502,PMPAECLM
4.160352594118963,0.0930637807278117,PMPAECLM
4.144786247155875,0.0937005872935891,PMPAECLM
4.141779487332594,0.09309478284755802,PMPAECLM
4.147465785661955,0.09309411933485845,PMPAECLM
4.148934078802365,0.09285453527773622,PMPAECLM
4.139107614023247,0.09348942420702895,PMPAECLM
4.147477912621718,0.09309579281509046,PMPAECLM
4.146097620171759,0.09312650368695591,PMPAECLM
4.150167324887032,0.09270036330730437,PMPAECLM
4.143376639789223,0.0937319175679131,PMPAECLM
4.147401165953426,0.09276207629891614,PMPAECLM
4.146097031608397,0.09312626170470371,PMPAECLM
4.148728279011736,0.09273097500758648,PMPAECLM
4.155846889127818,0.09270025663135982,PMPAECLM
4.14328897933028,0.09339892402895571,PMPAECLM
4.147347312966357,0.0927644509715222,PMPAECLM
4.143248456170952,0.09339710667891216,PMPAECLM
4.147477912621718,0.09309579281509046,PMPAECLM
4.143147430709149,0.09306627906522313,PMPAECLM
4.145973071798495,0.09279343143496833,PMPAECLM
4.144592779348536,0.09282414230683378,PMPAECLM
4.146096822092993,0.09312584673572934,PMPAECLM
4.146096822092993,0.09312584673572934,PMPAECLM
4.151842045802579,0.09312679493483679,PMPAECLM
4.14734738206105,0.09276447157568501,PMPAECLM
4.147530278446056,0.09309478284755802,PMPAECLM
4.141650374839963,0.09276207629891614,PMPAECLM
4.150455098881277,0.09315949304719649,PMPAECLM
4.137420321757703,0.09306617631605164,PMPAECLM
4.143146307874216,0.09306617631605164,PMPAECLM
4.144235160251969,0.09236759467876643,PMPAECLM
4.153091695939035,0.09276236754679702,PMPAECLM
4.1477355441134725,0.0937629608519216,PMPAECLM
4.148781272963018,0.09273107417916981,PMPAECLM
4.140480803687853,0.09346119747609205,PMPAECLM
4.149069212052427,0.09319072358461106,PMPAECLM
4.1516944913321225,0.09279263645541065,PMPAECLM
4.148992422399828,0.09339892402895571,PMPAECLM
4.143146307874216,0.09306617631605164,PMPAECLM
4.148987524579945,0.09339710667891216,PMPAECLM
4.150367502039834,0.09336577640458815,PMPAECLM
4.137292138139432,0.0927313654270507,PMPAECLM
4.153222010985978,0.0930954022500166,PMPAECLM
4.143248456170952,0.09339710667891216,PMPAECLM
4.141614649607859,0.09276242931522201,PMPAECLM
4.147477912621718,0.09309579281509046,PMPAECLM
4.1403626691413855,0.09312828348823145,PMPAECLM
4.146114912090001,0.09312611312188203,PMPAECLM
4.145973071798495,0.09279343143496833,PMPAECLM
4.14597878278872,0.09279343143496836,PMPAECLM
4.137421913927871,0.09306440013027027,PMPAECLM
4.146114912090001,0.09312611312188203,PMPAECLM
4.153091695939035,0.09276236754679702,PMPAECLM
4.151865648423183,0.09312646613818791,PMPAECLM
4.1446044107945035,0.09282455727580814,PMPAECLM
4.15033151801443,0.09282455727580814,PMPAECLM
4.144739599685917,0.09315928560797777,PMPAECLM
4.137292138139432,0.0927313654270507,PMPAECLM
4.155858521249456,0.09270042489221368,PMPAECLM
4.1502960433703775,0.09303517419630532,PMPAECLM
4.14748930805963,0.0930951110021357,PMPAECLM
4.15034953945146,0.09282455727580814,PMPAECLM
4.150425155863008,0.09336788074494722,PMPAECLM
4.15473666259028,0.09339892402895571,PMPAECLM
4.147630739802454,0.09342843695323616,PMPAECLM
4.149978867443738,0.09236759467876643,PMPAECLM
4.155858521249456,0.09270042489221368,PMPAECLM
4.154731631756569,0.09339931376844268,PMPAECLM
4.150367502039834,0.09336577640458815,PMPAECLM
4.150367502039834,0.09336577640458815,PMPAECLM
4.151752624568285,0.0933366126957426,PMPAECLM
4.150367502039834,0.09336577640458815,PMPAECLM
4.155858521249456,0.09270042489221368,PMPAECLM
4.156117554779747,0.09336827048443419,PMPAECLM
4.150167324887032,0.09270036330730437,PMPAECLM
4.143287963400823,0.09339888286469354,PMPAECLM
4.147489179046016,0.09309478284755802,PMPAECLM
4.150107051062009,0.09270240556776738,PMPAECLM
4.148992422399828,0.09339892402895571,PMPAECLM
4.155858521249456,0.09270042489221368,PMPAECLM
4.14878721787744,0.0927313654270507,PMPAECLM
4.157627050255978,0.09366931924438449,PMPAECLM
4.145908502449983,0.09300180180674167,PMPAECLM
4.144668070410415,0.09336788074494722,PMPAECLM
4.154730834725968,0.09339865809949743,PMPAECLM
4.153209613794633,0.09309755039261314,PMPAECLM
4.145907701803485,0.0930042336614683,PMPAECLM
4.155858521249456,0.09270042489221368,PMPAECLM
4.1503792859037505,0.09336583862970756,PMPAECLM
4.148992422399828,0.09339892402895571,PMPAECLM
4.152862381808631,0.09263877329237562,PMPAECLM
4.145779518185215,0.09266942277246737,PMPAECLM
4.158753281758031,0.0929732524222147,PMPAECLM
4.154601316709624,0.09306627906522313,PMPAECLM
4.150425155863008,0.09336788074494722,PMPAECLM
4.157238628259049,0.09266942277246737,PMPAECLM
4.148987524579945,0.09339710667891216,PMPAECLM
4.151623906084939,0.09300180180674167,PMPAECLM
4.154737201312693,0.09339892402895571,PMPAECLM
4.151611595687874,0.09300180180674167,PMPAECLM
4.155858521249456,0.09270042489221368,PMPAECLM
4.155858521249456,0.09270042489221368,PMPAECLM
4.157238628259049,0.09266942277246737,PMPAECLM
4.151611595687874,0.09300180180674167,PMPAECLM
4.157238628259049,0.09266942277246737,PMPAECLM
4.157238628259049,0.09266942277246737,PMPAECLM
4.152991899824975,0.09297115232664992,PMPAECLM
4.1573731747484395,0.09300425454196104,PMPAECLM
4.158753281758031,0.0929732524222147,PMPAECLM
4.157238628259049,0.09266942277246737,PMPAECLM
4.151869964803385,0.09366931924438449,PMPAECLM
4.138654985544804,0.09270013364433279,PMPAECLM
4.155858521249456,0.09270042489221368,PMPAECLM
4.157238628259049,0.09266942277246737,PMPAECLM
4.1573731747484395,0.09300425454196104,PMPAECLM
4.143376639789223,0.0937319175679131,PMPAECLM
4.151623906084939,0.09300180180674167,PMPAECLM
4.151869964803385,0.09366931924438449,PMPAECLM
4.148987524579945,0.09339710667891216,PMPAECLM
4.151623906084939,0.09300180180674167,PMPAECLM
4.151664787256078,0.0930042336614683,PMPAECLM
4.150367502039834,0.09336577640458815,PMPAECLM
4.150278864232901,0.0930352769454768,PMPAECLM
4.154489824385656,0.0927313654270507,PMPAECLM
4.1490462514077295,0.09339921101927122,PMPAECLM
4.149004078466988,0.09339921101927122,PMPAECLM
4.149003949453377,0.09339888286469354,PMPAECLM
4.151747806176935,0.0933351269244964,PMPAECLM
4.152992567305872,0.0929714798410175,PMPAECLM
4.151752753326769,0.0933369402101102,PMPAECLM
4.150367502039834,0.09336577640458815,PMPAECLM
4.158753281758031,0.0929732524222147,PMPAECLM
4.154489824385656,0.0927313654270507,PMPAECLM
4.15135917158084,0.09233694519867468,PMPAECLM
4.151635690599583,0.0930024203758545,PMPAECLM
4.143140677585971,0.09306625896496938,PMPAECLM
4.1474757444792125,0.09309738480580916,PMPAECLM
4.145967384833569,0.09279355515606182,PMPAECLM
4.144715497608886,0.09315955402354571,PMPAECLM
4.141614637638056,0.09276236754679702,PMPAECLM
4.1488564626300075,0.09306578589658743,PMPAECLM
4.154737201312693,0.09339892402895571,PMPAECLM
4.147500964014014,0.0930954022500166,PMPAECLM
4.1516181594021075,0.0930024203758545,PMPAECLM
4.145919133945156,0.09300419295705172,PMPAECLM
4.151487227089381,0.09267142432851377,PMPAECLM
4.144656579058662,0.09336761481548894,PMPAECLM
4.144669143415025,0.09336788074494722,PMPAECLM
4.141790118907445,0.09309717843579797,PMPAECLM
4.152862381808631,0.09263877329237562,PMPAECLM
4.138925293376519,0.09336577640458815,PMPAECLM
4.148987524579945,0.09339710667891216,PMPAECLM
4.145973071798495,0.09279343143496833,PMPAECLM
4.145973071798495,0.09279343143496833,PMPAECLM
4.141614637638056,0.09276236754679702,PMPAECLM
4.15746219460254,0.09279307841866247,PMPAECLM
4.144715335195445,0.09315938900302294,PMPAECLM
4.146103516652089,0.09312679493483679,PMPAECLM
4.1488564626300075,0.09306578589658743,PMPAECLM
4.147371188225574,0.09276236754679702,PMPAECLM
4.141614649607859,0.09276242931522201,PMPAECLM
4.150343570462,0.09282414230683378,PMPAECLM
4.145973071798495,0.09279343143496833,PMPAECLM
4.153222010985979,0.0930954022500166,PMPAECLM
4.150343570462,0.09282414230683378,PMPAECLM
4.153090949036041,0.09276408146769187,PMPAECLM
4.146048246437787,0.09333689950569361,PMPAECLM
4.140174893754704,0.09300419295705172,PMPAECLM
4.138911821468183,0.09336788074494722,PMPAECLM
4.150367828717047,0.0933664571988204,PMPAECLM
4.150367828717047,0.0933664571988204,PMPAECLM
4.1516181594021075,0.0930024203758545,PMPAECLM
4.152862381808631,0.09263877329237562,PMPAECLM
4.14749990670892,0.09309717843579797,PMPAECLM
4.152862381808631,0.09263877329237562,PMPAECLM
4.143376639789223,0.0937319175679131,PMPAECLM
4.151623906084939,0.09300180180674167,PMPAECLM
4.156112607629912,0.0933664571988204,PMPAECLM
4.1516181594021075,0.0930024203758545,PMPAECLM
4.148992422399828,0.09339892402895571,PMPAECLM
4.152998475191343,0.09297183210415148,PMPAECLM
4.154737201312693,0.09339892402895571,PMPAECLM
4.154489824385656,0.0927313654270507,PMPAECLM
4.140035277994762,0.09266942277246737,PMPAECLM
4.144628760308053,0.0933664571988204,PMPAECLM
4.1374212506320625,0.0930640719756926,PMPAECLM
4.144628760308053,0.0933664571988204,PMPAECLM
4.155858521249456,0.09270042489221368,PMPAECLM
4.154489824385656,0.0927313654270507,PMPAECLM
4.148857418680053,0.09306448638377217,PMPAECLM
4.155851232073005,0.09270209810869194,PMPAECLM
4.1488637859725905,0.09306475276992483,PMPAECLM
4.153091695939035,0.09276236754679702,PMPAECLM
4.148985474188595,0.09339896551361127,PMPAECLM
4.137292138139432,0.0927313654270507,PMPAECLM
4.153091695939035,0.09276236754679702,PMPAECLM
4.1474757444792125,0.09309738480580916,PMPAECLM
4.1461069664069905,0.09312824232396931,PMPAECLM
4.153090949036041,0.09276408146769187,PMPAECLM
4.14878721787744,0.0927313654270507,PMPAECLM
4.154489824385656,0.0927313654270507,PMPAECLM
4.151729622386013,0.09279343143496833,PMPAECLM
4.146243759474182,0.09346125642302604,PMPAECLM
4.147735743014817,0.09376331025273331,PMPAECLM
4.14749990670892,0.09309717843579797,PMPAECLM
4.148987524579945,0.09339710667891216,PMPAECLM
4.1432129180209865,0.09285574525429109,PMPAECLM
4.148985474188595,0.09339896551361127,PMPAECLM
4.151858518077116,0.09312857278429211,PMPAECLM
4.145967618127717,0.09279409365445301,PMPAECLM
4.15023023531753,0.09303531843013235,PMPAECLM
4.147475744479213,0.09309738480580916,PMPAECLM
4.150373539220919,0.0933664571988204,PMPAECLM
4.149004078466988,0.09339921101927122,PMPAECLM
4.147375715143064,0.093305631456489,PMPAECLM
4.158883467255271,0.09330595897085658,PMPAECLM
4.151635690599583,0.0930024203758545,PMPAECLM
4.147375715143064,0.093305631456489,PMPAECLM
4.151506043824756,0.09266971382721262,PMPAECLM
4.147375715143064,0.093305631456489,PMPAECLM
4.149003949453377,0.09339888286469354,PMPAECLM
4.147375715143064,0.093305631456489,PMPAECLM
4.147375715143064,0.093305631456489,PMPAECLM
4.143376639789223,0.0937319175679131,PMPAECLM
4.1573731747484395,0.09300425454196104,PMPAECLM
4.152862381808631,0.09263877329237562,PMPAECLM
4.150367828717047,0.0933664571988204,PMPAECLM
4.153222010985978,0.0930954022500166,PMPAECLM
4.148755903077298,0.09327471207670072,PMPAECLM
4.158753281758031,0.0929732524222147,PMPAECLM
4.152862590588275,0.0926391871404189,PMPAECLM
4.151635690599583,0.0930024203758545,PMPAECLM
4.151487227089381,0.09267142432851377,PMPAECLM
4.153222349939679,0.09309614545474504,PMPAECLM
4.14749990670892,0.09309717843579797,PMPAECLM
4.1516181594021075,0.0930024203758545,PMPAECLM
4.160352594118964,0.0930637807278117,PMPAECLM
4.153091695939035,0.09276236754679702,PMPAECLM
4.1532222201330296,0.09309581665809614,PMPAECLM
4.154489824385656,0.0927313654270507,PMPAECLM
4.143382548860579,0.0937322666029835,PMPAECLM
4.162003507579312,0.0937009363286595,PMPAECLM
4.156004477884639,0.09303519507679804,PMPAECLM
4.1488637859725905,0.09306475276992483,PMPAECLM
4.1490156175129975,0.09339923189976394,PMPAECLM
4.151711810096035,0.09279384584304791,PMPAECLM
4.153091905086085,0.0927627819548766,PMPAECLM
4.153091695939035,0.09276236754679702,PMPAECLM
4.15911312008243,0.09343029578793527,PMPAECLM
4.14749990670892,0.09309717843579797,PMPAECLM
4.151506043824756,0.09266971382721262,PMPAECLM
4.1472536962784785,0.09297183210415148,PMPAECLM
4.151623669512915,0.09300316237847549,PMPAECLM
4.147371200195377,0.09276242931522201,PMPAECLM
4.142994941775157,0.09273171806670527,PMPAECLM
4.151506043824756,0.09266971382721262,PMPAECLM
4.151864051859584,0.09312824232396928,PMPAECLM
4.156134663381879,0.09336790162543994,PMPAECLM
4.154489824385656,0.0927313654270507,PMPAECLM
4.148887027673938,0.09306475276992483,PMPAECLM
4.142994941775157,0.09273171806670527,PMPAECLM
4.144505033352833,0.09303416449822181,PMPAECLM
4.143382548860579,0.0937322666029835,PMPAECLM
4.150519660257454,0.0937009363286595,PMPAECLM
4.147481431444138,0.09309726108471571,PMPAECLM
4.151506043824756,0.09266971382721262,PMPAECLM
4.1488858417245575,0.09306619719654437,PMPAECLM
4.157727314873443,0.09346160582383774,PMPAECLM
4.14749990670892,0.09309717843579797,PMPAECLM
4.153249986875221,0.09309726108471568,PMPAECLM
4.156004477884639,0.09303519507679804,PMPAECLM
4.160623530119424,0.0937322666029835,PMPAECLM
4.160623530119424,0.0937322666029835,PMPAECLM
4.156004477884639,0.09303519507679804,PMPAECLM
4.147481431444138,0.09309726108471568,PMPAECLM
4.151616826591614,0.09300388527754555,PMPAECLM
4.151735333376238,0.09279343143496836,PMPAECLM
4.154471125063413,0.09273310022843827,PMPAECLM
4.156004477884639,0.09303519507679804,PMPAECLM
4.148857418680053,0.09306448638377217,PMPAECLM
4.1488858417245575,0.09306619719654437,PMPAECLM
4.149004078466988,0.09339921101927122,PMPAECLM
4.156005663834019,0.0930337506501785,PMPAECLM
4.153150227410824,0.09330598012590534,PMPAECLM
4.151506043824756,0.09266971382721262,PMPAECLM
4.156004477884639,0.09303519507679804,PMPAECLM
4.1488858417245575,0.09306619719654437,PMPAECLM
4.150131647855126,0.09270071594695894,PMPAECLM
4.151646184666368,0.09300427569700977,PMPAECLM
4.14600907609729,0.09333586892711737,PMPAECLM
4.151775960454807,0.09333731040022934,PMPAECLM
4.147353375935596,0.0927627819548766,PMPAECLM
4.15023663865738,0.09303480465733382,PMPAECLM
4.156004477884639,0.09303519507679804,PMPAECLM
4.144505033352833,0.09303416449822181,PMPAECLM
4.151506043824756,0.09266971382721262,PMPAECLM
4.150131647855126,0.09270071594695894,PMPAECLM
4.151506043824756,0.09266971382721262,PMPAECLM
4.150131647855126,0.09270071594695894,PMPAECLM
4.1488858417245575,0.09306619719654437,PMPAECLM
4.1516181594021075,0.0930024203758545,PMPAECLM
4.152997936468931,0.09297183210415148,PMPAECLM
4.152880451728519,0.09263877329237562,PMPAECLM
4.1472536962784785,0.09297183210415148,PMPAECLM
4.153020580635996,0.09297327357726344,PMPAECLM
4.1573731747484395,0.09300425454196104,PMPAECLM
4.160623530119424,0.0937322666029835,PMPAECLM
4.148985474188595,0.09339896551361127,PMPAECLM
4.153020580635996,0.09297327357726344,PMPAECLM
4.15286158772055,0.09264023819406664,PMPAECLM
4.152992567305872,0.0929714798410175,PMPAECLM
4.151506043824756,0.09266971382721262,PMPAECLM
4.148985474188595,0.09339896551361127,PMPAECLM
4.152862590588275,0.0926391871404189,PMPAECLM
4.1472536962784785,0.09297183210415148,PMPAECLM
4.151639489325869,0.09300427569700977,PMPAECLM
4.148757263855301,0.09273177983513027,PMPAECLM
4.153009041567579,0.0929732524222147,PMPAECLM
4.151635690599583,0.0930024203758545,PMPAECLM
4.151618497731455,0.09300316237847549,PMPAECLM
4.147375843901548,0.09330595897085658,PMPAECLM
4.151635690599583,0.0930024203758545,PMPAECLM
4.150108087694462,0.09270119156342722,PMPAECLM
4.142994941775157,0.09273171806670527,PMPAECLM
4.153091905086086,0.0927627819548766,PMPAECLM
4.147481431444138,0.09309726108471571,PMPAECLM
4.147481431444138,0.09309726108471571,PMPAECLM
4.1473523724713,0.09276383513423668,PMPAECLM
4.1474757444792125,0.09309738480580916,PMPAECLM
4.153091905086086,0.0927627819548766,PMPAECLM
4.148757251885498,0.09273171806670527,PMPAECLM
4.148726768440928,0.09273283301449035,PMPAECLM
4.1532222201330296,0.09309581665809614,PMPAECLM
4.153222349939679,0.09309614545474504,PMPAECLM
4.147481431444138,0.09309726108471571,PMPAECLM
4.144375257564394,0.09270112979500224,PMPAECLM
4.152867415023614,0.09264050494872549,PMPAECLM
4.150365368264953,0.0933696118499796,PMPAECLM
4.148855932413446,0.09306646542602089,PMPAECLM
4.1488637859725905,0.09306475276992483,PMPAECLM
4.152862590588275,0.0926391871404189,PMPAECLM
4.1488858417245575,0.09306619719654437,PMPAECLM
4.150366460201595,0.09336870308504953,PMPAECLM
4.142994941775157,0.09273171806670527,PMPAECLM
4.151639489325869,0.09300427569700977,PMPAECLM
4.151639489325869,0.09300427569700977,PMPAECLM
4.151487179816786,0.09267117872890367,PMPAECLM
4.152867415023614,0.09264050494872549,PMPAECLM
4.1488858536943605,0.09306625896496938,PMPAECLM
4.1545008107486465,0.09327503959106831,PMPAECLM
4.150371818941021,0.09336790162543994,PMPAECLM
4.148992064231966,0.09339970520479586,PMPAECLM
4.156028133239326,0.09303527781675609,PMPAECLM
4.148755903077298,0.09327471207670072,PMPAECLM
4.148756031835782,0.09327503959106831,PMPAECLM
4.153020580635996,0.09297327357726344,PMPAECLM
4.153150227410824,0.09330598012590534,PMPAECLM
4.147481431444138,0.09309726108471571,PMPAECLM
4.144375257564394,0.09270112979500224,PMPAECLM
4.1459192148697985,0.09300427569700977,PMPAECLM
4.147429507376629,0.09330598012590534,PMPAECLM
4.140180685719308,0.09300427569700977,PMPAECLM
4.146048327362429,0.09333698224565166,PMPAECLM
4.151623669512914,0.09300316237847549,PMPAECLM
4.1472536962784785,0.09297183210415148,PMPAECLM
4.151517723215805,0.09267012767525591,PMPAECLM
4.150242559635597,0.09303521555186955,PMPAECLM
4.148992064231966,0.09339970520479586,PMPAECLM
4.156010317847229,0.09303527781675609,PMPAECLM
4.151646184666368,0.09300427569700977,PMPAECLM
4.145900960175379,0.09300427569700977,PMPAECLM
4.151646184666368,0.09300427569700977,PMPAECLM
4.151487179816786,0.09267117872890367,PMPAECLM
4.153020580635996,0.09297327357726344,PMPAECLM
4.144375257564394,0.09270112979500224,PMPAECLM
4.14712998094052,0.0926396004292843,PMPAECLM
4.143000873564568,0.09273219368317355,PMPAECLM
4.141689998017405,0.0933061245407741,PMPAECLM
4.140180685719308,0.09300427569700977,PMPAECLM
4.151618497731455,0.09300316237847549,PMPAECLM
4.1458853607593324,0.0930036372522502,PMPAECLM
4.151751138020028,0.09333836154814379,PMPAECLM
4.157492923419149,0.09333586892711737,PMPAECLM
4.154378802597843,0.09294130485817986,PMPAECLM
4.151487179816786,0.09267117872890367,PMPAECLM
4.154378802597843,0.09294130485817986,PMPAECLM
4.146006897829576,0.09333836154814379,PMPAECLM
4.156140093635668,0.09336831251997567,PMPAECLM
4.150401564485179,0.09336831251997567,PMPAECLM
4.146048327362429,0.09333698224565166,PMPAECLM
4.1472536962784785,0.09297183210415148,PMPAECLM
4.148855932413446,0.09306646542602089,PMPAECLM
4.144375257564394,0.09270112979500224,PMPAECLM
4.153125533989656,0.09330735942839746,PMPAECLM
4.150271800666542,0.0930353395851811,PMPAECLM
4.153125533989656,0.09330735942839746,PMPAECLM
4.1528673796222515,0.0926403210240261,PMPAECLM
4.152997936468931,0.09297183210415148,PMPAECLM
4.14602403065044,0.09333836154814379,PMPAECLM
4.151769804372813,0.09333731040022934,PMPAECLM
4.143140758175737,0.0930663417049274,PMPAECLM
4.1447809440011705,0.09370134722319523,PMPAECLM
4.153144292754315,0.09330645269535177,PMPAECLM
4.150366460201595,0.09336870308504953,PMPAECLM
4.150366460201595,0.09336870308504953,PMPAECLM
4.150366460201595,0.09336870308504953,PMPAECLM
4.151618497731455,0.09300316237847549,PMPAECLM
4.148739402715058,0.09273219368317358,PMPAECLM
4.144375269534197,0.09270119156342722,PMPAECLM
4.146031250054297,0.09333718842894541,PMPAECLM
4.145900960175379,0.09300427569700977,PMPAECLM
4.145900960175379,0.09300427569700977,PMPAECLM
4.148992064231966,0.09339970520479586,PMPAECLM
4.145898165908019,0.09300316237847549,PMPAECLM
4.153144292754315,0.09330645269535177,PMPAECLM
4.151639489325869,0.09300427569700977,PMPAECLM
4.151748144506283,0.09333586892711737,PMPAECLM
4.143146469165962,0.0930663417049274,PMPAECLM
4.143146469165962,0.0930663417049274,PMPAECLM
4.153220065594307,0.09309746754576721,PMPAECLM
4.150236132218912,0.09303560772114333,PMPAECLM
4.151646184666368,0.09300427569700977,PMPAECLM
4.145900960175379,0.09300427569700977,PMPAECLM
4.154471089556023,0.09273291575444838,PMPAECLM
4.152997936468931,0.09297183210415148,PMPAECLM
4.15437826387543,0.09294130485817986,PMPAECLM
4.153003996919414,0.09297263513250387,PMPAECLM
4.146020087380463,0.09333784538017198,PMPAECLM
4.145766979810072,0.09267150706847183,PMPAECLM
4.154378802597843,0.09294130485817986,PMPAECLM
4.151618497731455,0.09300316237847549,PMPAECLM
4.151624079221715,0.09300283422389781,PMPAECLM
4.152997936468931,0.09297183210415148,PMPAECLM
4.146155210957187,0.09367001694887123,PMPAECLM
4.1458896425268685,0.09300448188030352,PMPAECLM
4.15437826387543,0.09294130485817986,PMPAECLM
4.152998825137954,0.09297263513250387,PMPAECLM
4.156010317847229,0.09303527781675609,PMPAECLM
4.147481431444138,0.09309726108471571,PMPAECLM
4.143140862557414,0.09306654788822118,PMPAECLM
4.141620557775332,0.0927627819548766,PMPAECLM
4.144375257564394,0.09270112979500224,PMPAECLM
4.14712998094052,0.0926396004292843,PMPAECLM
4.151610423251764,0.09300439905034408,PMPAECLM
4.1474757444792125,0.09309738480580916,PMPAECLM
4.1514929836526235,0.09267132314377242,PMPAECLM
4.144375257564394,0.09270112979500224,PMPAECLM
4.144375269534197,0.09270119156342722,PMPAECLM
4.155750825056873,0.09291147533754888,PMPAECLM
4.150136102882764,0.09324385437182318,PMPAECLM
4.145900960175379,0.09300427569700977,PMPAECLM
4.151487179816786,0.09267117872890367,PMPAECLM
4.143164897885714,0.09360782896966967,PMPAECLM
4.1475296993386905,0.09363915924399367,PMPAECLM
4.153144163204612,0.0933061245407741,PMPAECLM
4.154394084716963,0.09294241587238589,PMPAECLM
4.1514929836526235,0.09267132314377242,PMPAECLM
4.151746660007061,0.09333784538017198,PMPAECLM
4.152998825137954,0.09297263513250387,PMPAECLM
4.154394084716963,0.09294241587238589,PMPAECLM
4.150114631982057,0.0927010675301157,PMPAECLM
4.145900960175379,0.09300427569700977,PMPAECLM
4.155851312997647,0.09270218084864999,PMPAECLM
4.143258577006546,0.09339937640814698,PMPAECLM
4.143258706276043,0.09339970520479586,PMPAECLM
4.154471089556022,0.09273291575444838,PMPAECLM
4.151493517181802,0.09267132314377242,PMPAECLM
4.150108087694461,0.09270119156342722,PMPAECLM
4.144505174592132,0.09303455506329568,PMPAECLM
4.150242559635597,0.09303521555186955,PMPAECLM
4.143258577006548,0.09339937640814698,PMPAECLM
4.153144292754315,0.09330645269535177,PMPAECLM
4.140416363973681,0.09367048951831768,PMPAECLM
4.155851312997647,0.09270218084864999,PMPAECLM
4.14712998094052,0.0926396004292843,PMPAECLM
4.14712998094052,0.0926396004292843,PMPAECLM
4.145900960175379,0.09300427569700977,PMPAECLM
4.15585254828182,0.09270166643720194,PMPAECLM
4.156010317847229,0.09303527781675609,PMPAECLM
4.154472220875322,0.09273219368317358,PMPAECLM
4.151499837131148,0.09267066431745563,PMPAECLM
4.141790630929697,0.09363915924399367,PMPAECLM
4.143258706276043,0.09339970520479586,PMPAECLM
4.154518792922594,0.0932756564815616,PMPAECLM
4.146031250054297,0.09333718842894541,PMPAECLM
4.15739042485682,0.09300427569700977,PMPAECLM
4.154472220875322,0.09273219368317358,PMPAECLM
4.150283363589863,0.09303548400004986,PMPAECLM
4.150377622875428,0.09336804613382299,PMPAECLM
4.151756824863157,0.09333823745783217,PMPAECLM
4.148992064231966,0.09339970520479586,PMPAECLM
4.137407940015472,0.0930663417049274,PMPAECLM
4.15585254828182,0.09270166643720194,PMPAECLM
4.150507750278943,0.09370188220313787,PMPAECLM
4.137408044397151,0.09306654788822118,PMPAECLM
4.143258706276043,0.09339970520479586,PMPAECLM
4.150250045168501,0.09303470114042152,PMPAECLM
4.154730580446717,0.09339964454410922,PMPAECLM
4.151624429168326,0.0930036372522502,PMPAECLM
4.150236132218913,0.09303560772114333,PMPAECLM
4.150377622875428,0.09336804613382299,PMPAECLM
4.1514884151009595,0.09267066431745563,PMPAECLM
4.150108332166406,0.09270179015829542,PMPAECLM
4.150377622875428,0.09336804613382299,PMPAECLM
4.155851289361489,0.09270205804957084,PMPAECLM
4.145901064557056,0.09300448188030352,PMPAECLM
4.144526576175553,0.0930353395851811,PMPAECLM
4.156010317847229,0.09303527781675609,PMPAECLM
4.150236132218913,0.09303560772114333,PMPAECLM
4.147352348764315,0.09276371196823859,PMPAECLM
4.1458896425268685,0.09300448188030352,PMPAECLM
4.146155677820622,0.09367108598934769,PMPAECLM
4.1514929836526235,0.09267132314377242,PMPAECLM
4.150366707136867,0.09336930066160017,PMPAECLM
4.147523148241497,0.09363969330452748,PMPAECLM
4.151646184666368,0.09300427569700977,PMPAECLM
4.155851289361489,0.09270205804957084,PMPAECLM
4.1514929836526235,0.09267132314377242,PMPAECLM
4.141754417218281,0.09309740559309872,PMPAECLM
4.153144292754315,0.09330645269535177,PMPAECLM
4.151639489325869,0.09300427569700977,PMPAECLM
4.154394084716963,0.09294241587238589,PMPAECLM
4.1472536962784785,0.09297183210415148,PMPAECLM
4.1514929836526235,0.09267132314377242,PMPAECLM
4.154518663372889,0.09327532832698392,PMPAECLM
4.151894500791667,0.09367048951831768,PMPAECLM
4.151746660007061,0.09333784538017198,PMPAECLM
4.15585254828182,0.09270166643720194,PMPAECLM
4.147299414675264,0.09297341799213221,PMPAECLM
4.1458896425268685,0.09300448188030352,PMPAECLM
4.139041875592177,0.09370134722319523,PMPAECLM
4.153220065594307,0.09309746754576721,PMPAECLM
4.150514535608267,0.09370188220313787,PMPAECLM
4.1501140191313315,0.09270166643720194,PMPAECLM
4.143140862557414,0.09306654788822118,PMPAECLM
4.150366460201595,0.09336870308504953,PMPAECLM
4.153126871648279,0.09330704916638179,PMPAECLM
4.138912333454912,0.0933688474999183,PMPAECLM
4.150366707136867,0.09336930066160017,PMPAECLM
4.150236132218913,0.09303560772114333,PMPAECLM
4.144381200971067,0.09270166643720194,PMPAECLM
4.148855932413446,0.09306646542602089,PMPAECLM
4.14712998094052,0.0926396004292843,PMPAECLM
4.1558514178130626,0.09270238703194374,PMPAECLM
4.138912204185416,0.09336851870326941,PMPAECLM
4.153220053538811,0.09309740559309872,PMPAECLM
4.153220065594307,0.09309746754576721,PMPAECLM
4.153220053538811,0.09309740559309872,PMPAECLM
4.153220053538811,0.09309740559309872,PMPAECLM
4.153220053538811,0.09309740559309872,PMPAECLM
4.154471194371438,0.09273312193774215,PMPAECLM
4.148726744733943,0.09273270984849225,PMPAECLM
4.148856061375958,0.09306679569962628,PMPAECLM
4.150236132218912,0.09303560772114333,PMPAECLM
4.154518663372889,0.09327532832698392,PMPAECLM
4.152998156865838,0.09297230697792619,PMPAECLM
4.140416363973681,0.09367048951831768,PMPAECLM
4.153274478251556,0.09363915924399367,PMPAECLM
4.147658352424865,0.0939729148215223,PMPAECLM
4.146018295613042,0.09333823745783217,PMPAECLM
4.151623889909821,0.0930036372522502,PMPAECLM
4.153126073569513,0.09330639221515523,PMPAECLM
4.1528673796222515,0.0926403210240261,PMPAECLM
4.151752475678651,0.09333805128612811,PMPAECLM
4.1458896425268685,0.09300448188030352,PMPAECLM
4.152739579569745,0.09230650346117819,PMPAECLM
4.146006897829576,0.09333836154814379,PMPAECLM
4.140415241271415,0.09367121039262673,PMPAECLM
4.1528673796222515,0.0926403210240261,PMPAECLM
4.141661229592818,0.09330704916638179,PMPAECLM
4.145901064557056,0.09300448188030352,PMPAECLM
4.142777311542621,0.09260952481023592,PMPAECLM
4.143264522081684,0.09339991138808962,PMPAECLM
4.151752475678651,0.09333805128612811,PMPAECLM
4.151746660007061,0.09333784538017198,PMPAECLM
4.1471351996725305,0.09264052692998224,PMPAECLM
4.147299414675264,0.09297341799213221,PMPAECLM
4.147523148241497,0.09363969330452748,PMPAECLM
4.147299414675264,0.09297341799213221,PMPAECLM
4.1458896425268685,0.09300448188030352,PMPAECLM
4.1514929836526235,0.09267132314377242,PMPAECLM
4.143165131097974,0.09360836303020348,PMPAECLM
4.157490875022489,0.09333772248947923,PMPAECLM
4.146020191579113,0.09333805128612811,PMPAECLM
4.1458853607593324,0.0930036372522502,PMPAECLM
4.160381262519372,0.09360836303020348,PMPAECLM
4.141790630929697,0.09363915924399367,PMPAECLM
4.151756824863157,0.09333823745783217,PMPAECLM
4.152011192688775,0.0940042450958463,PMPAECLM
4.152011192688775,0.0940042450958463,PMPAECLM
4.16051032149221,0.0939417889806825,PMPAECLM
4.159130344032322,0.09397311925500651,PMPAECLM
4.151756824863157,0.09333823745783217,PMPAECLM
4.152011192688775,0.0940042450958463,PMPAECLM
4.156021892740352,0.09303548400004986,PMPAECLM
4.150631227505375,0.0940356377806665,PMPAECLM
4.147652207214335,0.09397311925500651,PMPAECLM
4.154729453079276,0.09340036541841829,PMPAECLM
4.147534287140297,0.09363988011830272,PMPAECLM
4.151752475678651,0.09333805128612811,PMPAECLM
4.150506622911502,0.09370260307744693,PMPAECLM
4.151746660007061,0.09333784538017198,PMPAECLM
4.15299702639708,0.092973027572668,PMPAECLM
4.157396276740177,0.09300442011187854,PMPAECLM
4.158776383749769,0.09297341799213221,PMPAECLM
4.151751138020028,0.09333836154814379,PMPAECLM
4.153161919347756,0.09330645269535177,PMPAECLM
4.157396276740177,0.09300442011187854,PMPAECLM
4.155768584885242,0.09291161965859569,PMPAECLM
4.156016461066394,0.09357703275587947,PMPAECLM
4.140416363973681,0.09367048951831768,PMPAECLM
4.156016461066394,0.09357703275587947,PMPAECLM
4.156004477884639,0.09303519507679804,PMPAECLM
4.152011192688775,0.0940042450958463,PMPAECLM
4.145930682674517,0.09300442011187854,PMPAECLM
4.158742039491275,0.0929735616332018,PMPAECLM
4.150188845818705,0.09324432620723759,PMPAECLM
4.150507750278943,0.09370188220313787,PMPAECLM
4.158999923510712,0.09363988011830272,PMPAECLM
4.153126073569513,0.09330639221515524,PMPAECLM
4.147523148241497,0.09363969330452748,PMPAECLM
4.150059733326074,0.09291161965859569,PMPAECLM
4.143034257422232,0.09327617144991451,PMPAECLM
4.151751138020028,0.09333836154814379,PMPAECLM
4.144321854136795,0.09291188687254363,PMPAECLM
4.1501528696069006,0.09324504560907472,PMPAECLM
4.151487156180628,0.0926710559298245,PMPAECLM
4.156010317847229,0.09303527781675609,PMPAECLM
4.150631227505375,0.0940356377806665,PMPAECLM
4.150506622911502,0.09370260307744693,PMPAECLM
4.153220194556819,0.09309779781937261,PMPAECLM
4.154471089556023,0.09273291575444838,PMPAECLM
4.154600406198037,0.09306700160558241,PMPAECLM
4.152017585278352,0.0940046369469309,PMPAECLM
4.150241947890502,0.09303581362709946,PMPAECLM
4.147523160467184,0.09363975571502368,PMPAECLM
4.154518663372889,0.09327532832698392,PMPAECLM
4.144409867229386,0.09324459342118552,PMPAECLM
4.153002787795859,0.09297395288046127,PMPAECLM
4.151616343860131,0.09300481150735314,PMPAECLM
4.158999923510712,0.09363988011830272,PMPAECLM
4.142941097165992,0.09294262177834202,PMPAECLM
4.144409867229386,0.09324459342118552,PMPAECLM
4.148939000336264,0.09360908243204062,PMPAECLM
4.144568675812973,0.09357814189720359,PMPAECLM
4.151528503389468,0.09321359130143919,PMPAECLM
4.143070156138831,0.09327604772882105,PMPAECLM
4.152996567301755,0.09297407660155473,PMPAECLM
4.1528680408181735,0.09264064936359427,PMPAECLM
4.149002333803853,0.0934003034657498,PMPAECLM
4.15999195965116,0.09260985314980408,PMPAECLM
4.148939000336264,0.09360908243204062,PMPAECLM
4.141661229592818,0.09330704916638179,PMPAECLM
4.151386796507638,0.09288067912375868,PMPAECLM
4.142941097165992,0.09294262177834202,PMPAECLM
4.155750929688499,0.09291168124350502,PMPAECLM
4.144539398053991,0.09357703275587947,PMPAECLM
4.1471409111943025,0.09264052692998224,PMPAECLM
4.1473945875487415,0.09330704916638179,PMPAECLM
4.148644953938759,0.0929422313588778,PMPAECLM
4.142947342216943,0.09294262177834202,PMPAECLM
4.147140911194303,0.09264052692998224,PMPAECLM
4.1428184116956785,0.09260952481023592,PMPAECLM
4.150024067282872,0.09291227698053676,PMPAECLM
4.1458896425268685,0.09300448188030352,PMPAECLM
4.144315493135622,0.09291161965859569,PMPAECLM
4.137208813066454,0.09294262177834202,PMPAECLM
4.154517002787761,0.09327604772882105,PMPAECLM
4.155750929688499,0.09291168124350502,PMPAECLM
4.154518663372889,0.09327532832698392,PMPAECLM
4.1500065848664205,0.09291147533754888,PMPAECLM
4.144315493135622,0.09291161965859569,PMPAECLM
4.142941097165992,0.09294262177834202,PMPAECLM
4.143077657263888,0.0932756564815616,PMPAECLM
4.152767681145183,0.09285027255752842,PMPAECLM
4.137208813066454,0.09294262177834202,PMPAECLM
4.14002840365314,0.09267126183578063,PMPAECLM
4.1473945875487415,0.09330704916638179,PMPAECLM
4.151752475678651,0.09333805128612811,PMPAECLM
4.138912204185416,0.09336851870326941,PMPAECLM
4.145695716577245,0.09288088475279731,PMPAECLM
4.141790864141959,0.09363969330452748,PMPAECLM
4.15437731143223,0.0929432791002831,PMPAECLM
4.147266306506878,0.09297421941222361,PMPAECLM
4.150284421930691,0.09357762812440507,PMPAECLM
4.154513197832852,0.09327592369550951,PMPAECLM
4.147270453770481,0.092973027572668,PMPAECLM
4.155750929688499,0.09291168124350502,PMPAECLM
4.151499216903169,0.09267126183578063,PMPAECLM
4.147523148241497,0.09363969330452748,PMPAECLM
4.150024067282872,0.09291227698053676,PMPAECLM
4.155768584885242,0.09291161965859569,PMPAECLM
4.159991831453923,0.09260952481023592,PMPAECLM
4.153004768157359,0.09297317085007661,PMPAECLM
4.152879580561572,0.09264091703797539,PMPAECLM
4.137338588854894,0.0932756564815616,PMPAECLM
4.149889819083783,0.09257878990443752,PMPAECLM
4.144409867229386,0.09324459342118552,PMPAECLM
4.1488974151975135,0.09360836303020348,PMPAECLM
4.1531320300551196,0.09330698758368083,PMPAECLM
4.144409867229386,0.09324459342118552,PMPAECLM
4.1514929836526235,0.09267132314377242,PMPAECLM
4.143070209658624,0.09327532832698392,PMPAECLM
4.150278711426819,0.09357762812440507,PMPAECLM
4.137337337978567,0.09327604772882105,PMPAECLM
4.143070156138831,0.09327604772882105,PMPAECLM
4.1488974151975135,0.09360836303020348,PMPAECLM
4.151622171332126,0.09300507872130105,PMPAECLM
4.148861877047548,0.09306700160558241,PMPAECLM
4.1415608855247745,0.09297341799213221,PMPAECLM
4.148904199506968,0.09360836303020348,PMPAECLM
4.1488974151975135,0.09360836303020348,PMPAECLM
4.147140911194303,0.09264052692998224,PMPAECLM
4.145701961146387,0.09288088475279731,PMPAECLM
4.151528503389468,0.09321359130143919,PMPAECLM
4.149889819083783,0.09257878990443752,PMPAECLM
4.158742039491275,0.0929735616332018,PMPAECLM
4.150024600281557,0.09291227698053678,PMPAECLM
4.1443274492265365,0.09291161965859569,PMPAECLM
4.141578610216197,0.09297362389808835,PMPAECLM
4.156027295294593,0.09357775215771662,PMPAECLM
4.14702902432795,0.09284994421796028,PMPAECLM
4.155768584885242,0.09291161965859569,PMPAECLM
4.150149064651991,0.09324492157576318,PMPAECLM
4.151529042111879,0.09321359130143919,PMPAECLM
4.156016181750127,0.09303548400004985,PMPAECLM
4.143034257422232,0.09327617144991451,PMPAECLM
4.157526591787121,0.0933374548150981,PMPAECLM
4.141789496221821,0.09363981816563426,PMPAECLM
4.147140911194303,0.09264052692998224,PMPAECLM
4.144321320607617,0.09291188687254363,PMPAECLM
4.147299414675264,0.09297341799213221,PMPAECLM
4.148649671313244,0.09294327910028309,PMPAECLM
4.151386796507638,0.09288067912375868,PMPAECLM
4.148649671313244,0.09294327910028309,PMPAECLM
4.14601370653542,0.09333751805599504,PMPAECLM
4.151270054290612,0.09254811612425934,PMPAECLM
4.151529042111879,0.09321359130143919,PMPAECLM
4.151487156180628,0.0926710559298245,PMPAECLM
4.143034257422232,0.09327617144991451,PMPAECLM
4.153002787795859,0.09297395288046127,PMPAECLM
4.151622171332126,0.09300507872130105,PMPAECLM
4.154642440092114,0.09360895839872907,PMPAECLM
4.151529042111879,0.09321359130143919,PMPAECLM
4.1501528696069006,0.09324504560907472,PMPAECLM
4.143199268631462,0.09360875427746294,PMPAECLM
4.1460253627736785,0.09333805128612811,PMPAECLM
4.154518792922594,0.0932756564815616,PMPAECLM
4.160381262519372,0.09360836303020348,PMPAECLM
4.1488974151975135,0.09360836303020348,PMPAECLM
4.1546421941103775,0.09360836303020348,PMPAECLM
4.153126871648279,0.09330704916638179,PMPAECLM
4.1471351996725305,0.09264052692998224,PMPAECLM
4.153002787795859,0.09297395288046127,PMPAECLM
4.153002787795859,0.09297395288046127,PMPAECLM
4.147523148241497,0.09363969330452748,PMPAECLM
4.1488974151975135,0.09360836303020348,PMPAECLM
4.138717385947273,0.09324498384064973,PMPAECLM
4.137472230952215,0.09360902066361561,PMPAECLM
4.152744798301755,0.09230742996187613,PMPAECLM
4.14008611794802,0.09321398172090341,PMPAECLM
4.1488974151975135,0.09360836303020348,PMPAECLM
4.147439953288574,0.09330704984856737,PMPAECLM
4.151751138020028,0.09333836154814379,PMPAECLM
4.1471351996725305,0.09264052692998224,PMPAECLM
4.1471351996725305,0.09264052692998224,PMPAECLM
4.146042306965929,0.09387939481818719,PMPAECLM
4.147439953288574,0.09330704984856737,PMPAECLM
4.1514929718522176,0.09267126183578063,PMPAECLM
4.143293656010087,0.0939417889806825,PMPAECLM
4.144409867229386,0.09324459342118552,PMPAECLM
4.150149064651991,0.09324492157576318,PMPAECLM
4.154642194110379,0.09360836303020348,PMPAECLM
4.154513197832852,0.09327592369550951,PMPAECLM
4.154642440092114,0.09360895839872907,PMPAECLM
4.156016461066394,0.09357703275587947,PMPAECLM
4.151658688886708,0.09354629785008108,PMPAECLM
4.154513197832853,0.09327592369550952,PMPAECLM
4.1501528696069006,0.09324504560907472,PMPAECLM
4.154513197832853,0.09327592369550952,PMPAECLM
4.1501528696069006,0.09324504560907472,PMPAECLM
4.151658688886708,0.09354629785008108,PMPAECLM
4.1501528696069006,0.09324504560907472,PMPAECLM
4.143034257422232,0.09327617144991451,PMPAECLM
4.1501528696069006,0.09324504560907472,PMPAECLM
4.149889819083783,0.09257878990443752,PMPAECLM
4.14728705616073,0.09351568614979898,PMPAECLM
4.160510439022372,0.09394205536683518,PMPAECLM
4.1485318172896655,0.09315203906632007,PMPAECLM
4.151786676169994,0.09387972297276485,PMPAECLM
4.15601670704813,0.09357762812440507,PMPAECLM
4.15472944102378,0.0934003034657498,PMPAECLM
4.158871111838732,0.09330704916638179,PMPAECLM
4.154600382050941,0.09306687751527078,PMPAECLM
4.156145908484298,0.09336923957757849,PMPAECLM
4.159130344032322,0.09397311925500651,PMPAECLM
4.158871111838732,0.09330704916638179,PMPAECLM
4.147652207214335,0.09397311925500651,PMPAECLM
4.154729465170875,0.09340042755606144,PMPAECLM
4.142905964121476,0.09294327910028309,PMPAECLM
4.143293773053896,0.09394205536683518,PMPAECLM
4.153031835073595,0.09351568614979898,PMPAECLM
4.157260083651387,0.09321404330581272,PMPAECLM
4.151787085878794,0.09387939481818719,PMPAECLM
4.151528503389468,0.09321359130143919,PMPAECLM
4.154642440092114,0.09360895839872907,PMPAECLM
4.155879988661337,0.09324510719398403,PMPAECLM
4.158871111838732,0.09330704916638179,PMPAECLM
4.160380265801621,0.0936094112286895,PMPAECLM
4.154506297011136,0.09327565730935683,PMPAECLM
4.148896980568959,0.0936095345820238,PMPAECLM
4.146154297674799,0.09367114843995826,PMPAECLM
4.154518257763737,0.09327565730935683,PMPAECLM
4.159130344032322,0.09397311925500651,PMPAECLM
4.153002787795859,0.09297395288046127,PMPAECLM
4.159991947885955,0.09260979202418385,PMPAECLM
4.155980605492565,0.09303614260947239,PMPAECLM
4.146018295613042,0.09333823745783217,PMPAECLM
4.148856061375958,0.09306679569962628,PMPAECLM
4.157401679294419,0.0935466882695453,PMPAECLM
4.15601670704813,0.09357762812440507,PMPAECLM
4.15601670704813,0.09357762812440507,PMPAECLM
4.151529042111879,0.09321359130143919,PMPAECLM
4.154517002787761,0.09327604772882105,PMPAECLM
4.1501528696069006,0.09324504560907472,PMPAECLM
4.150278711426819,0.09357762812440507,PMPAECLM
4.157401679294419,0.0935466882695453,PMPAECLM
4.150149064651992,0.09324492157576318,PMPAECLM
4.156022417552002,0.09357762812440507,PMPAECLM
4.151528503389468,0.09321359130143919,PMPAECLM
4.148903371683121,0.09360895839872907,PMPAECLM
4.157396684508019,0.09354629785008108,PMPAECLM
4.154518663372889,0.09327532832698392,PMPAECLM
4.158999911455216,0.09363981816563427,PMPAECLM
4.144409867229386,0.09324459342118552,PMPAECLM
4.14166134554304,0.09330731638032973,PMPAECLM
4.154517977324433,0.0932763142605834,PMPAECLM
4.153142630793546,0.09330717356966085,PMPAECLM
4.153272816290786,0.09363988011830275,PMPAECLM
4.159991947885955,0.09260979202418385,PMPAECLM
4.153133232649453,0.09330731638032973,PMPAECLM
4.153002787795859,0.09297395288046127,PMPAECLM
4.154641736651132,0.0936094112286895,PMPAECLM
4.154517977324433,0.0932763142605834,PMPAECLM
4.154507095089904,0.0932763142605834,PMPAECLM
4.1588712282707645,0.09330731638032973,PMPAECLM
4.153002787795859,0.09297395288046127,PMPAECLM
4.154507095089904,0.0932763142605834,PMPAECLM
4.154513339659045,0.0932763142605834,PMPAECLM
4.148650076645186,0.09294295076071495,PMPAECLM
4.140415358535302,0.09367147723660714,PMPAECLM
4.148650076645186,0.09294295076071495,PMPAECLM
4.148650076645186,0.09294295076071495,PMPAECLM
4.150158592630589,0.09324510719398403,PMPAECLM
4.147399341164351,0.09330731638032973,PMPAECLM
4.1432937730538955,0.09394205536683518,PMPAECLM
4.144409867229386,0.09324459342118552,PMPAECLM
4.154513197832853,0.09327592369550952,PMPAECLM
4.154517002787761,0.09327604772882105,PMPAECLM
4.154513197832853,0.09327592369550952,PMPAECLM
4.148650076645186,0.09294295076071495,PMPAECLM
4.1476580474740565,0.09397344805165538,PMPAECLM
4.1588712282707645,0.09330731638032973,PMPAECLM
4.148644953938759,0.0929422313588778,PMPAECLM
4.151529042111879,0.09321359130143919,PMPAECLM
4.153126073569513,0.09330639221515524,PMPAECLM
4.147529932550952,0.09363969330452748,PMPAECLM
4.145914166654197,0.0935469543442269,PMPAECLM
4.1432937730538955,0.09394205536683518,PMPAECLM
4.160380265801621,0.0936094112286895,PMPAECLM
4.153133232649453,0.09330731638032973,PMPAECLM
4.147394703498963,0.09330731638032973,PMPAECLM
4.154513197832853,0.09327592369550952,PMPAECLM
4.1588712282707645,0.09330731638032973,PMPAECLM
4.154507626479173,0.09327631380350265,PMPAECLM
4.155897109797353,0.09324504560907472,PMPAECLM
4.154513197832853,0.09327592369550952,PMPAECLM
4.161372183092784,0.09257911824400566,PMPAECLM
4.144409867229386,0.09324459342118552,PMPAECLM
4.1543773114322295,0.0929432791002831,PMPAECLM
4.150241947890502,0.09303581362709946,PMPAECLM
4.142905964121476,0.0929432791002831,PMPAECLM
4.143035741512669,0.0932763142605834,PMPAECLM
4.159130344032322,0.09397311925500651,PMPAECLM
4.150149192318735,0.09324524991533134,PMPAECLM
4.145655993873671,0.09288082267290122,PMPAECLM
4.154512934327104,0.09327664260015155,PMPAECLM
4.147652207214335,0.09397311925500651,PMPAECLM
4.154377311432229,0.09294327910028309,PMPAECLM
4.1501528696069006,0.09324504560907472,PMPAECLM
4.1488974151975135,0.09360836303020348,PMPAECLM
4.158776075264048,0.09351568614979898,PMPAECLM
4.14728705616073,0.09351568614979898,PMPAECLM
4.154517002787761,0.09327604772882105,PMPAECLM
4.1501528696069006,0.09324504560907472,PMPAECLM
4.155980605492565,0.09303614260947239,PMPAECLM
4.153126871648279,0.09330704916638179,PMPAECLM
4.154507095089904,0.0932763142605834,PMPAECLM
4.143070156138831,0.09327604772882105,PMPAECLM
4.154507095089904,0.0932763142605834,PMPAECLM
4.154507095089904,0.0932763142605834,PMPAECLM
4.1601210186239985,0.0929432791002831,PMPAECLM
4.152997216442179,0.09297434298845442,PMPAECLM
4.153126871648279,0.09330704916638179,PMPAECLM
4.147517543590484,0.09364086651011767,PMPAECLM
4.152996567301755,0.09297407660155473,PMPAECLM
4.152996567301755,0.09297407660155473,PMPAECLM
4.146283792743728,0.0940048407364756,PMPAECLM
4.150241947890502,0.09303581362709946,PMPAECLM
4.153132699120274,0.09330731638032973,PMPAECLM
4.151622171332126,0.09300507872130108,PMPAECLM
4.146018295613043,0.09333823745783217,PMPAECLM
4.146018295613043,0.09333823745783217,PMPAECLM
4.1458841757108145,0.09300507872130108,PMPAECLM
4.146018295613043,0.09333823745783217,PMPAECLM
4.154506297011136,0.09327565730935683,PMPAECLM
4.150365331990015,0.09336942543631511,PMPAECLM
4.151892558368028,0.093671868629864,PMPAECLM
4.147399106856656,0.09330678315019662,PMPAECLM
4.149002333803853,0.0934003034657498,PMPAECLM
4.151752475678651,0.09333805128612811,PMPAECLM
4.1516278702668545,0.0930050167686326,PMPAECLM
4.154729465170876,0.09340042755606144,PMPAECLM
4.151752475678651,0.09333805128612811,PMPAECLM
4.141789508227432,0.09363988011830275,PMPAECLM
4.146018295613043,0.09333823745783217,PMPAECLM
4.147528425187168,0.09364086651011767,PMPAECLM
4.145895064112199,0.09300507872130108,PMPAECLM
4.146154029217539,0.093671868629864,PMPAECLM
4.146153887685791,0.09367147723660714,PMPAECLM
4.1516278702668545,0.0930050167686326,PMPAECLM
4.154641736651132,0.0936094112286895,PMPAECLM
4.154507095089904,0.0932763142605834,PMPAECLM
4.154382489473509,0.0929432791002831,PMPAECLM
4.154600382050941,0.09306687751527078,PMPAECLM
4.149002333803853,0.0934003034657498,PMPAECLM
4.14326380470325,0.0934003034657498,PMPAECLM
4.154601897996057,0.0930671445052486,PMPAECLM
4.144779645217714,0.09370293251803534,PMPAECLM
4.146042435979541,0.09387972297276485,PMPAECLM
4.15287903473564,0.09264085591235516,PMPAECLM
4.15316094312601,0.09384839269844086,PMPAECLM
4.160380265801621,0.0936094112286895,PMPAECLM
4.146042435979541,0.09387972297276485,PMPAECLM
4.147399341164351,0.09330731638032973,PMPAECLM
4.154382489473509,0.0929432791002831,PMPAECLM
4.141789508227432,0.09363988011830275,PMPAECLM
4.155897109797354,0.09324504560907472,PMPAECLM
4.150024600281557,0.09291227698053676,PMPAECLM
4.148649671313244,0.0929432791002831,PMPAECLM
4.151892838830897,0.09367121039262673,PMPAECLM
4.165900883678346,0.09294262177834202,PMPAECLM
4.147264398281915,0.09297434298845442,PMPAECLM
4.1516278702668545,0.0930050167686326,PMPAECLM
4.146029717643231,0.09333823745783217,PMPAECLM
4.154382489473509,0.09294327910028309,PMPAECLM
4.1601210186239985,0.0929432791002831,PMPAECLM
4.137343001947448,0.09327604772882105,PMPAECLM
4.147399341164351,0.09330731638032973,PMPAECLM
4.153002811870897,0.09297407660155473,PMPAECLM
4.1516278702668545,0.0930050167686326,PMPAECLM
4.1516278702668545,0.0930050167686326,PMPAECLM
4.151616343860131,0.09300481150735314,PMPAECLM
4.146153887685791,0.09367147723660714,PMPAECLM
4.14765858673256,0.09397344805165538,PMPAECLM
4.143081519128134,0.09327598596039606,PMPAECLM
4.146006897829576,0.09333836154814379,PMPAECLM
4.155750929688499,0.09291168124350502,PMPAECLM
4.143075820107713,0.09327604772882105,PMPAECLM
4.143210760102704,0.09360902066361561,PMPAECLM
4.144326984576498,0.09291188687254363,PMPAECLM
4.144774332491399,0.09370254112477845,PMPAECLM
4.153008105473684,0.09297434298845442,PMPAECLM
4.148650076645186,0.09294295076071495,PMPAECLM
4.147146646232854,0.09264064936359427,PMPAECLM
4.144280348121302,0.09291221521211178,PMPAECLM
4.151498811294016,0.09267159081815357,PMPAECLM
4.148650076645186,0.09294295076071495,PMPAECLM
4.14589505210659,0.0930050167686326,PMPAECLM
4.161372183092784,0.09257911824400566,PMPAECLM
4.154641736651132,0.0936094112286895,PMPAECLM
4.157401269585619,0.09354701642412296,PMPAECLM
4.144538534474385,0.09357840910894318,PMPAECLM
4.154642440092114,0.09360895839872907,PMPAECLM
4.1501486530602305,0.09324524991533134,PMPAECLM
4.144573664601091,0.09357775215771662,PMPAECLM
4.14582464709851,0.09321398172090341,PMPAECLM
4.147287056160729,0.09351568614979898,PMPAECLM
4.150507150651664,0.09370254112477845,PMPAECLM
4.15287903473564,0.09264085591235516,PMPAECLM
4.144774332491399,0.09370254112477845,PMPAECLM
4.145889874645543,0.0930050167686326,PMPAECLM
4.154729453079276,0.09340036541841829,PMPAECLM
4.14326381670886,0.09340036541841829,PMPAECLM
4.15472944102378,0.0934003034657498,PMPAECLM
4.149002333803853,0.0934003034657498,PMPAECLM
4.150507032900509,0.09370227428079807,PMPAECLM
4.140415358535301,0.09367147723660714,PMPAECLM
4.14477379269574,0.09370254112477845,PMPAECLM
4.148990936020386,0.09340042755606144,PMPAECLM
4.1375367215304975,0.09340042755606144,PMPAECLM
4.14739987469353,0.09330731638032973,PMPAECLM
4.1432937852795835,0.0939421177773314,PMPAECLM
4.154382489473509,0.09294327910028309,PMPAECLM
4.153002787795859,0.09297395288046127,PMPAECLM
4.157401269585619,0.09354701642412296,PMPAECLM
4.150019722538965,0.09291215294722523,PMPAECLM
4.147652207214335,0.09397311925500651,PMPAECLM
4.1516278702668545,0.0930050167686326,PMPAECLM
4.143034257422232,0.09327617144991451,PMPAECLM
4.144538534474385,0.09357840910894318,PMPAECLM
4.144538534474385,0.09357840910894318,PMPAECLM
4.1486444932719655,0.0929432791002831,PMPAECLM
4.145889874645544,0.0930050167686326,PMPAECLM
4.142905964121476,0.0929432791002831,PMPAECLM
4.145889874645544,0.0930050167686326,PMPAECLM
4.151756824863157,0.09333823745783217,PMPAECLM
4.142905964121476,0.0929432791002831,PMPAECLM
4.1486444932719655,0.0929432791002831,PMPAECLM
4.161372183092784,0.09257911824400566,PMPAECLM
4.146153887685791,0.09367147723660714,PMPAECLM
4.15277338025101,0.09285021097261913,PMPAECLM
4.153031835073595,0.09351568614979898,PMPAECLM
4.153031296351183,0.09351568614979898,PMPAECLM
4.15002405531307,0.09291221521211178,PMPAECLM
4.147287056160729,0.09351568614979898,PMPAECLM
4.154507095089904,0.0932763142605834,PMPAECLM
4.143293773053896,0.09394205536683518,PMPAECLM
4.144280348121302,0.09291221521211178,PMPAECLM
4.148649671313244,0.0929432791002831,PMPAECLM
4.146042435979541,0.09387972297276485,PMPAECLM
4.138711721978392,0.09324498384064973,PMPAECLM
4.153008105473683,0.09297434298845442,PMPAECLM
4.144280360091105,0.09291227698053676,PMPAECLM
4.140415358535302,0.09367147723660714,PMPAECLM
4.153031296351183,0.09351568614979898,PMPAECLM
4.14008611794802,0.09321398172090341,PMPAECLM
4.147399341164351,0.09330731638032973,PMPAECLM
4.14008611794802,0.09321398172090341,PMPAECLM
4.15002405531307,0.09291221521211178,PMPAECLM
4.14582464709851,0.09321398172090341,PMPAECLM
4.1432937730538955,0.09394205536683518,PMPAECLM
4.141919401279758,0.09397318166550271,PMPAECLM
4.146153887685791,0.09367147723660714,PMPAECLM
4.147287056160729,0.09351568614979898,PMPAECLM
4.144280348121302,0.09291221521211178,PMPAECLM
4.153031296351183,0.09351568614979898,PMPAECLM
4.148649671313244,0.0929432791002831,PMPAECLM
4.14728705616073,0.09351568614979898,PMPAECLM
4.144574198883287,0.09357775215771662,PMPAECLM
4.14728705616073,0.09351568614979898,PMPAECLM
4.154517002787761,0.09327604772882105,PMPAECLM
4.140157068490889,0.09300507872130108,PMPAECLM
4.141789496221822,0.09363981816563427,PMPAECLM
4.1486444932719655,0.0929432791002831,PMPAECLM
4.148650076645186,0.09294295076071495,PMPAECLM
4.155851406012657,0.09270232572395194,PMPAECLM
4.153132699120274,0.09330731638032973,PMPAECLM
4.148650076645186,0.09294295076071495,PMPAECLM
4.1531320300551196,0.09330698758368083,PMPAECLM
4.147394843135509,0.09330770648832286,PMPAECLM
4.154512934327104,0.09327664260015155,PMPAECLM
4.1476522194400225,0.09397318166550271,PMPAECLM
4.140415358535302,0.09367147723660714,PMPAECLM
4.141919518323567,0.09397344805165538,PMPAECLM
4.151787214892406,0.09387972297276485,PMPAECLM
4.147534275134686,0.09363981816563427,PMPAECLM
4.15601613262076,0.09357840910894318,PMPAECLM
4.155897109797354,0.09324504560907472,PMPAECLM
4.155897109797354,0.09324504560907472,PMPAECLM
4.154641736651132,0.0936094112286895,PMPAECLM
4.143034257422232,0.09327617144991451,PMPAECLM
4.153142630793546,0.09330717356966085,PMPAECLM
4.15002405531307,0.09291221521211178,PMPAECLM
4.143034257422232,0.09327617144991451,PMPAECLM
4.15472944102378,0.0934003034657498,PMPAECLM
4.1561095601609255,0.09336936366789013,PMPAECLM
4.143269515643588,0.0934003034657498,PMPAECLM
