Samples,Xpos,Ypos,Pow,NebMode
0,0.29937847628180947,0.17563361526898547,0.2034833948545014,0
1,0.29425955359934086,0.18074976061775416,0.2289479534713159,0
2,0.33521093505907373,0.2063304873616012,0.21366921830122898,0
3,0.27890278555194215,0.16028517922267582,0.22385504174795656,0
4,0.29425955359934086,0.18586590596652464,0.2034833948545014,0
5,0.29425955359934086,0.17563361526898547,0.2085763065778643,0
6,0.3044973989642763,0.17563361526898547,0.22385504174795656,0
7,0.33521093505907373,0.2063304873616012,0.21366921830122898,0
8,0.3044973989642763,0.18074976061775416,0.24422668864140817,0
9,0.3044973989642763,0.18586590596652464,0.2034833948545014,0
10,0.3044973989642763,0.17563361526898547,0.2187621300245901,0
11,0.29937847628180947,0.18074976061775416,0.22385504174795656,0
12,0.3300920123766069,0.1960981966640638,0.21366921830122898,0
13,0.29937847628180947,0.16540132457144807,0.2391337769180435,0
14,0.319854167011675,0.1960981966640638,0.21366921830122898,0
15,0.284021708234409,0.16540132457144807,0.2034833948545014,0
16,0.3147352443292064,0.18586590596652464,0.22385504174795656,0
17,0.3300920123766069,0.1960981966640638,0.2187621300245901,0
18,0.29425955359934086,0.16540132457144807,0.2289479534713159,0
19,0.3249730896941383,0.21144663271037345,0.2187621300245901,0
20,0.27890278555194215,0.16540132457144807,0.2187621300245901,0
21,0.3147352443292064,0.1909820513152951,0.2187621300245901,0
22,0.3147352443292064,0.1909820513152951,0.22385504174795656,0
23,0.2891406309168776,0.16028517922267582,0.2187621300245901,0
24,0.319854167011675,0.1960981966640638,0.2034833948545014,0
25,0.29425955359934086,0.170517469920215,0.23404086519468237,0
26,0.29937847628180947,0.17563361526898547,0.2034833948545014,0
27,0.3147352443292064,0.18586590596652464,0.22385504174795656,0
28,0.29425955359934086,0.18074976061775416,0.2187621300245901,0
29,0.34032985774154056,0.2165627780591386,0.2289479534713159,0
30,0.3044973989642763,0.18586590596652464,0.2544125120881304,0
31,0.3249730896941383,0.21144663271037345,0.21366921830122898,0
32,0.3096163216467396,0.18074976061775416,0.2391337769180435,0
33,0.3249730896941383,0.20121434201283428,0.22385504174795656,0
34,0.3147352443292064,0.18074976061775416,0.22385504174795656,0
35,0.2891406309168776,0.16028517922267582,0.21366921830122898,0
36,0.3300920123766069,0.1960981966640638,0.21366921830122898,0
37,0.29425955359934086,0.17563361526898547,0.23404086519468237,0
38,0.3147352443292064,0.1909820513152951,0.21366921830122898,0
39,0.29937847628180947,0.18074976061775416,0.2034833948545014,0
40,0.284021708234409,0.170517469920215,0.2085763065778643,0
41,0.3249730896941383,0.1960981966640638,0.2034833948545014,0
42,0.3044973989642763,0.18074976061775416,0.2391337769180435,0
43,0.319854167011675,0.18586590596652464,0.21366921830122898,0
44,0.3147352443292064,0.170517469920215,0.2187621300245901,0
45,0.29937847628180947,0.18074976061775416,0.2187621300245901,0
46,0.319854167011675,0.18586590596652464,0.2034833948545014,0
47,0.3044973989642763,0.18586590596652464,0.24931960036477108,0
48,0.3249730896941383,0.21144663271037345,0.2187621300245901,0
49,0.29937847628180947,0.16028517922267582,0.22385504174795656,0
50,0.3044973989642763,0.1909820513152951,0.21366921830122898,0
51,0.3044973989642763,0.18074976061775416,0.2034833948545014,0
52,0.3096163216467396,0.18074976061775416,0.2391337769180435,0
53,0.34032985774154056,0.21144663271037345,0.2187621300245901,0
54,0.29937847628180947,0.170517469920215,0.22385504174795656,0
55,0.29937847628180947,0.18586590596652464,0.2034833948545014,0
56,0.29937847628180947,0.17563361526898547,0.21366921830122898,0
57,0.3044973989642763,0.18074976061775416,0.2289479534713159,0
58,0.3300920123766069,0.2063304873616012,0.2085763065778643,0
59,0.29937847628180947,0.16540132457144807,0.23404086519468237,0
60,0.29425955359934086,0.16540132457144807,0.2289479534713159,0
61,0.29937847628180947,0.17563361526898547,0.2085763065778643,0
62,0.3044973989642763,0.18586590596652464,0.2289479534713159,0
63,0.33521093505907373,0.2063304873616012,0.21366921830122898,0
64,0.29425955359934086,0.170517469920215,0.23404086519468237,0
65,0.3147352443292064,0.20121434201283428,0.21366921830122898,0
66,0.284021708234409,0.170517469920215,0.19839048313113672,0
67,0.3044973989642763,0.18074976061775416,0.22385504174795656,0
68,0.3300920123766069,0.1960981966640638,0.21366921830122898,0
69,0.2891406309168776,0.16540132457144807,0.23404086519468237,0
70,0.319854167011675,0.20121434201283428,0.2085763065778643,0
71,0.29937847628180947,0.17563361526898547,0.22385504174795656,0
72,0.29425955359934086,0.18586590596652464,0.2187621300245901,0
73,0.3249730896941383,0.20121434201283428,0.2187621300245901,0
74,0.284021708234409,0.16540132457144807,0.2289479534713159,0
75,0.3249730896941383,0.1960981966640638,0.2085763065778643,0
76,0.3044973989642763,0.17563361526898547,0.23404086519468237,0
77,0.3096163216467396,0.18074976061775416,0.2187621300245901,0
78,0.319854167011675,0.18586590596652464,0.21366921830122898,0
79,0.29425955359934086,0.17563361526898547,0.23404086519468237,0
80,0.3249730896941383,0.1960981966640638,0.19839048313113672,0
81,0.29425955359934086,0.18074976061775416,0.2391337769180435,0
82,0.3147352443292064,0.1909820513152951,0.21366921830122898,0
83,0.319854167011675,0.17563361526898547,0.21366921830122898,0
84,0.2891406309168776,0.16028517922267582,0.21366921830122898,0
85,0.3300920123766069,0.2063304873616012,0.21366921830122898,0
86,0.284021708234409,0.16028517922267582,0.2187621300245901,0
87,0.319854167011675,0.1960981966640638,0.2187621300245901,0
88,0.29937847628180947,0.18074976061775416,0.2187621300245901,0
89,0.29937847628180947,0.170517469920215,0.21366921830122898,0
90,0.3249730896941383,0.20121434201283428,0.21366921830122898,0
91,0.29937847628180947,0.17563361526898547,0.2391337769180435,0
92,0.3096163216467396,0.18586590596652464,0.2034833948545014,0
93,0.3096163216467396,0.18074976061775416,0.22385504174795656,0
94,0.29425955359934086,0.16540132457144807,0.21366921830122898,0
95,0.319854167011675,0.1960981966640638,0.2034833948545014,0
96,0.29425955359934086,0.17563361526898547,0.2391337769180435,0
97,0.319854167011675,0.1960981966640638,0.2085763065778643,0
98,0.3096163216467396,0.18586590596652464,0.22385504174795656,0
99,0.3044973989642763,0.17563361526898547,0.22385504174795656,0
100,0.3300920123766069,0.1909820513152951,0.21366921830122898,0
101,0.27890278555194215,0.16540132457144807,0.2289479534713159,0
102,0.319854167011675,0.2063304873616012,0.21366921830122898,0
103,0.29425955359934086,0.16540132457144807,0.21366921830122898,0
104,0.3096163216467396,0.18586590596652464,0.22385504174795656,0
105,0.3044973989642763,0.1909820513152951,0.22385504174795656,0
106,0.29425955359934086,0.16540132457144807,0.2289479534713159,0
107,0.3147352443292064,0.2063304873616012,0.21366921830122898,0
108,0.29937847628180947,0.18074976061775416,0.23404086519468237,0
109,0.3147352443292064,0.1909820513152951,0.2187621300245901,0
110,0.3096163216467396,0.18074976061775416,0.2085763065778643,0
111,0.29425955359934086,0.17563361526898547,0.2289479534713159,0
112,0.3249730896941383,0.2063304873616012,0.21366921830122898,0
113,0.2891406309168776,0.170517469920215,0.2289479534713159,0
114,0.3044973989642763,0.1909820513152951,0.21366921830122898,0
115,0.3096163216467396,0.18586590596652464,0.22385504174795656,0
116,0.29937847628180947,0.18074976061775416,0.2289479534713159,0
117,0.33521093505907373,0.2063304873616012,0.21366921830122898,0
118,0.2891406309168776,0.15516903387391068,0.2289479534713159,0
119,0.3147352443292064,0.1960981966640638,0.2085763065778643,0
120,0.29425955359934086,0.16540132457144807,0.21366921830122898,0
121,0.3096163216467396,0.1909820513152951,0.2289479534713159,0
122,0.3147352443292064,0.18586590596652464,0.19839048313113672,0
123,0.3044973989642763,0.18074976061775416,0.2391337769180435,0
124,0.3147352443292064,0.1909820513152951,0.2034833948545014,0
125,0.3044973989642763,0.170517469920215,0.2289479534713159,0
126,0.3044973989642763,0.18074976061775416,0.2187621300245901,0
127,0.3249730896941383,0.1909820513152951,0.2187621300245901,0
128,0.27378386286947887,0.15516903387391068,0.2187621300245901,0
129,0.33521093505907373,0.2165627780591386,0.2187621300245901,0
130,0.2891406309168776,0.16540132457144807,0.2187621300245901,0
131,0.3147352443292064,0.1909820513152951,0.2187621300245901,0
132,0.3044973989642763,0.18586590596652464,0.2085763065778643,0
133,0.29937847628180947,0.17563361526898547,0.2289479534713159,0
134,0.3249730896941383,0.20121434201283428,0.2085763065778643,0
135,0.3044973989642763,0.17563361526898547,0.24422668864140817,0
136,0.3096163216467396,0.18586590596652464,0.2085763065778643,0
137,0.3147352443292064,0.18074976061775416,0.22385504174795656,0
138,0.29425955359934086,0.16540132457144807,0.2187621300245901,0
139,0.319854167011675,0.1960981966640638,0.2034833948545014,0
140,0.2891406309168776,0.17563361526898547,0.2391337769180435,0
141,0.3147352443292064,0.1960981966640638,0.21366921830122898,0
142,0.3096163216467396,0.18074976061775416,0.22385504174795656,0
143,0.3044973989642763,0.18074976061775416,0.22385504174795656,0
144,0.3300920123766069,0.1909820513152951,0.21366921830122898,0
145,0.284021708234409,0.16540132457144807,0.2289479534713159,0
146,0.319854167011675,0.1960981966640638,0.21366921830122898,0
147,0.2891406309168776,0.170517469920215,0.21366921830122898,0
148,0.3044973989642763,0.1909820513152951,0.22385504174795656,0
149,0.319854167011675,0.1909820513152951,0.21366921830122898,0
150,0.29937847628180947,0.170517469920215,0.2289479534713159,0
151,0.3249730896941383,0.2063304873616012,0.2085763065778643,0
152,0.29937847628180947,0.17563361526898547,0.23404086519468237,0
153,0.3044973989642763,0.18074976061775416,0.2085763065778643,0
154,0.319854167011675,0.18586590596652464,0.2187621300245901,0
155,0.284021708234409,0.170517469920215,0.22385504174795656,0
156,0.3300920123766069,0.1909820513152951,0.19839048313113672,0
157,0.29425955359934086,0.17563361526898547,0.2289479534713159,0
158,0.3096163216467396,0.18586590596652464,0.21366921830122898,0
159,0.319854167011675,0.1909820513152951,0.22385504174795656,0
160,0.3044973989642763,0.18074976061775416,0.23404086519468237,0
161,0.34032985774154056,0.2063304873616012,0.2187621300245901,0
162,0.2891406309168776,0.170517469920215,0.2391337769180435,0
163,0.3147352443292064,0.1960981966640638,0.21366921830122898,0
164,0.29425955359934086,0.16540132457144807,0.2085763065778643,0
165,0.3044973989642763,0.18586590596652464,0.2289479534713159,0
166,0.3147352443292064,0.18586590596652464,0.19839048313113672,0
167,0.29937847628180947,0.16540132457144807,0.23404086519468237,0
168,0.29937847628180947,0.18586590596652464,0.19839048313113672,0
169,0.3096163216467396,0.18074976061775416,0.2187621300245901,0
170,0.3044973989642763,0.18074976061775416,0.2187621300245901,0
171,0.3147352443292064,0.18074976061775416,0.19839048313113672,0
172,0.29937847628180947,0.170517469920215,0.2391337769180435,0
173,0.3096163216467396,0.1960981966640638,0.2034833948545014,0
174,0.29937847628180947,0.17563361526898547,0.22385504174795656,0
175,0.3044973989642763,0.18586590596652464,0.2187621300245901,0
176,0.319854167011675,0.1909820513152951,0.2187621300245901,0
177,0.29937847628180947,0.17563361526898547,0.2391337769180435,0
178,0.3249730896941383,0.1960981966640638,0.2034833948545014,0
179,0.29937847628180947,0.170517469920215,0.2289479534713159,0
180,0.3044973989642763,0.18074976061775416,0.21366921830122898,0
181,0.319854167011675,0.18586590596652464,0.21366921830122898,0
182,0.29937847628180947,0.17563361526898547,0.23404086519468237,0
183,0.3249730896941383,0.2063304873616012,0.2034833948545014,0
184,0.2891406309168776,0.170517469920215,0.22385504174795656,0
185,0.3096163216467396,0.18586590596652464,0.21366921830122898,0
186,0.319854167011675,0.18586590596652464,0.2187621300245901,0
187,0.29937847628180947,0.18074976061775416,0.23404086519468237,0
188,0.3249730896941383,0.2063304873616012,0.21366921830122898,0
189,0.29425955359934086,0.16028517922267582,0.22385504174795656,0
190,0.3096163216467396,0.1909820513152951,0.2085763065778643,0
191,0.29937847628180947,0.17563361526898547,0.2085763065778643,0
192,0.29425955359934086,0.170517469920215,0.21366921830122898,0
193,0.33521093505907373,0.1960981966640638,0.21366921830122898,0
194,0.29425955359934086,0.17563361526898547,0.2391337769180435,0
195,0.3044973989642763,0.18586590596652464,0.19839048313113672,0
196,0.3044973989642763,0.17563361526898547,0.2187621300245901,0
197,0.3044973989642763,0.18074976061775416,0.22385504174795656,0
198,0.3249730896941383,0.1960981966640638,0.21366921830122898,0
199,0.29937847628180947,0.170517469920215,0.24422668864140817,0
200,0.319854167011675,0.1909820513152951,0.2085763065778643,0
201,0.29937847628180947,0.18074976061775416,0.22385504174795656,0
202,0.29937847628180947,0.18074976061775416,0.2187621300245901,0
203,0.3249730896941383,0.1909820513152951,0.21366921830122898,0
204,0.29937847628180947,0.17563361526898547,0.2391337769180435,0
205,0.3249730896941383,0.20121434201283428,0.21366921830122898,0
206,0.29425955359934086,0.17563361526898547,0.22385504174795656,0
207,0.3147352443292064,0.18586590596652464,0.22385504174795656,0
208,0.3044973989642763,0.18074976061775416,0.2085763065778643,0
209,0.3044973989642763,0.17563361526898547,0.23404086519468237,0
210,0.319854167011675,0.2063304873616012,0.2034833948545014,0
211,0.2891406309168776,0.16028517922267582,0.22385504174795656,0
212,0.3044973989642763,0.18586590596652464,0.19839048313113672,0
213,0.3096163216467396,0.18586590596652464,0.21366921830122898,0
214,0.29937847628180947,0.18074976061775416,0.22385504174795656,0
215,0.3300920123766069,0.1960981966640638,0.2085763065778643,0
216,0.29425955359934086,0.17563361526898547,0.23404086519468237,0
217,0.3096163216467396,0.18586590596652464,0.2085763065778643,0
218,0.3044973989642763,0.18586590596652464,0.2187621300245901,0
219,0.29937847628180947,0.170517469920215,0.22385504174795656,0
220,0.3249730896941383,0.20121434201283428,0.21366921830122898,0
221,0.29937847628180947,0.18074976061775416,0.2391337769180435,0
222,0.3147352443292064,0.1960981966640638,0.21366921830122898,0
223,0.3044973989642763,0.170517469920215,0.2187621300245901,0
224,0.29937847628180947,0.18586590596652464,0.2187621300245901,0
225,0.319854167011675,0.20121434201283428,0.2034833948545014,0
226,0.29937847628180947,0.18074976061775416,0.24931960036477108,0
227,0.319854167011675,0.20121434201283428,0.21366921830122898,0
228,0.29937847628180947,0.16028517922267582,0.21366921830122898,0
229,0.3044973989642763,0.170517469920215,0.21366921830122898,0
230,0.3147352443292064,0.1909820513152951,0.21366921830122898,0
231,0.2891406309168776,0.16540132457144807,0.22385504174795656,0
232,0.3300920123766069,0.2063304873616012,0.2085763065778643,0
233,0.29937847628180947,0.17563361526898547,0.23404086519468237,0
234,0.29937847628180947,0.17563361526898547,0.19839048313113672,0
235,0.3096163216467396,0.18586590596652464,0.21366921830122898,0
236,0.29937847628180947,0.17563361526898547,0.23404086519468237,0
237,0.3300920123766069,0.2063304873616012,0.21366921830122898,0
238,0.29937847628180947,0.170517469920215,0.2289479534713159,0
239,0.3096163216467396,0.18586590596652464,0.21366921830122898,0
240,0.3096163216467396,0.18586590596652464,0.21366921830122898,0
241,0.3044973989642763,0.18074976061775416,0.23404086519468237,0
242,0.3300920123766069,0.21144663271037345,0.21366921830122898,0
243,0.3044973989642763,0.170517469920215,0.23404086519468237,0
244,0.319854167011675,0.1909820513152951,0.21366921830122898,0
245,0.3147352443292064,0.17563361526898547,0.2187621300245901,0
246,0.3044973989642763,0.18586590596652464,0.22385504174795656,0
247,0.3300920123766069,0.20121434201283428,0.2187621300245901,0
248,0.284021708234409,0.16028517922267582,0.2187621300245901,0
249,0.319854167011675,0.1909820513152951,0.2034833948545014,0
250,0.3044973989642763,0.17563361526898547,0.2187621300245901,0
251,0.284021708234409,0.16028517922267582,0.2085763065778643,0
252,0.3249730896941383,0.1960981966640638,0.2085763065778643,0
253,0.3044973989642763,0.17563361526898547,0.24422668864140817,0
254,0.3249730896941383,0.20121434201283428,0.21366921830122898,0
255,0.29937847628180947,0.18074976061775416,0.2289479534713159,0
256,0.3044973989642763,0.17563361526898547,0.2187621300245901,0
257,0.3147352443292064,0.1909820513152951,0.21366921830122898,0
258,0.29937847628180947,0.170517469920215,0.23404086519468237,0
259,0.3096163216467396,0.20121434201283428,0.1932975714077756,0
260,0.29425955359934086,0.17563361526898547,0.22385504174795656,0
261,0.3096163216467396,0.18074976061775416,0.21366921830122898,0
262,0.3044973989642763,0.18586590596652464,0.19839048313113672,0
263,0.29425955359934086,0.17563361526898547,0.23404086519468237,0
264,0.3249730896941383,0.2063304873616012,0.2085763065778643,0
265,0.3044973989642763,0.16540132457144807,0.2289479534713159,0
266,0.2891406309168776,0.18586590596652464,0.2034833948545014,0
267,0.3147352443292064,0.17563361526898547,0.21366921830122898,0
268,0.29937847628180947,0.18074976061775416,0.2289479534713159,0
269,0.33521093505907373,0.20121434201283428,0.21366921830122898,0
270,0.29937847628180947,0.17563361526898547,0.2391337769180435,0
271,0.3044973989642763,0.18074976061775416,0.19839048313113672,0
272,0.3096163216467396,0.18074976061775416,0.22385504174795656,0
273,0.3044973989642763,0.18074976061775416,0.22385504174795656,0
274,0.3300920123766069,0.2063304873616012,0.21366921830122898,0
275,0.29937847628180947,0.17563361526898547,0.2391337769180435,0
276,0.3147352443292064,0.18074976061775416,0.2034833948545014,0
277,0.29937847628180947,0.18074976061775416,0.2187621300245901,0
278,0.29937847628180947,0.18074976061775416,0.22385504174795656,0
279,0.3249730896941383,0.1960981966640638,0.21366921830122898,0
280,0.3044973989642763,0.17563361526898547,0.24422668864140817,0
281,0.3249730896941383,0.20121434201283428,0.21366921830122898,0
282,0.2891406309168776,0.16540132457144807,0.2034833948545014,0
283,0.3044973989642763,0.18074976061775416,0.2187621300245901,0
284,0.319854167011675,0.1909820513152951,0.21366921830122898,0
285,0.3044973989642763,0.17563361526898547,0.2391337769180435,0
286,0.3249730896941383,0.20121434201283428,0.2085763065778643,0
287,0.3044973989642763,0.16540132457144807,0.2187621300245901,0
288,0.29425955359934086,0.18074976061775416,0.21366921830122898,0
289,0.3147352443292064,0.1909820513152951,0.2187621300245901,0
290,0.29937847628180947,0.17563361526898547,0.23404086519468237,0
291,0.3249730896941383,0.1960981966640638,0.21366921830122898,0
292,0.29937847628180947,0.17563361526898547,0.2289479534713159,0
293,0.3147352443292064,0.18074976061775416,0.2085763065778643,0
294,0.319854167011675,0.1909820513152951,0.2187621300245901,0
295,0.3044973989642763,0.17563361526898547,0.2289479534713159,0
296,0.33521093505907373,0.1909820513152951,0.2034833948545014,0
297,0.29425955359934086,0.17563361526898547,0.2289479534713159,0
298,0.3147352443292064,0.1909820513152951,0.21366921830122898,0
299,0.3044973989642763,0.18074976061775416,0.21366921830122898,0
300,0.3044973989642763,0.17563361526898547,0.2289479534713159,0
301,0.319854167011675,0.2063304873616012,0.21366921830122898,0
302,0.29937847628180947,0.17563361526898547,0.2391337769180435,0
303,0.3096163216467396,0.18586590596652464,0.21366921830122898,0
304,0.3096163216467396,0.170517469920215,0.21366921830122898,0
305,0.3044973989642763,0.16028517922267582,0.21366921830122898,0
306,0.3300920123766069,0.1960981966640638,0.21366921830122898,0
307,0.29937847628180947,0.18074976061775416,0.24931960036477108,0
308,0.3147352443292064,0.1960981966640638,0.2085763065778643,0
309,0.3044973989642763,0.18074976061775416,0.2289479534713159,0
310,0.29425955359934086,0.18074976061775416,0.21366921830122898,0
311,0.3147352443292064,0.1960981966640638,0.2085763065778643,0
312,0.29937847628180947,0.17563361526898547,0.23404086519468237,0
313,0.3249730896941383,0.20121434201283428,0.2085763065778643,0
314,0.3044973989642763,0.17563361526898547,0.2289479534713159,0
315,0.3096163216467396,0.18074976061775416,0.2187621300245901,0
316,0.29937847628180947,0.18074976061775416,0.2034833948545014,0
317,0.29937847628180947,0.18074976061775416,0.2289479534713159,0
318,0.3249730896941383,0.20121434201283428,0.19839048313113672,0
319,0.3044973989642763,0.18074976061775416,0.23404086519468237,0
320,0.319854167011675,0.18074976061775416,0.21366921830122898,0
321,0.3096163216467396,0.17563361526898547,0.2085763065778643,0
322,0.29425955359934086,0.17563361526898547,0.2289479534713159,0
323,0.3300920123766069,0.20121434201283428,0.2085763065778643,0
324,0.3044973989642763,0.17563361526898547,0.2391337769180435,0
325,0.3044973989642763,0.18586590596652464,0.2034833948545014,0
326,0.3096163216467396,0.18586590596652464,0.2187621300245901,0
327,0.29425955359934086,0.17563361526898547,0.2187621300245901,0
328,0.3249730896941383,0.20121434201283428,0.21366921830122898,0
329,0.2891406309168776,0.16028517922267582,0.2289479534713159,0
330,0.3044973989642763,0.1909820513152951,0.21366921830122898,0
331,0.29937847628180947,0.170517469920215,0.2085763065778643,0
332,0.3044973989642763,0.170517469920215,0.2187621300245901,0
333,0.3300920123766069,0.20121434201283428,0.21366921830122898,0
334,0.3044973989642763,0.17563361526898547,0.2391337769180435,0
335,0.3096163216467396,0.20121434201283428,0.2085763065778643,0
336,0.3044973989642763,0.17563361526898547,0.2289479534713159,0
337,0.3096163216467396,0.18586590596652464,0.2187621300245901,0
338,0.3147352443292064,0.18586590596652464,0.2034833948545014,0
339,0.29937847628180947,0.16028517922267582,0.2289479534713159,0
340,0.319854167011675,0.20121434201283428,0.2085763065778643,0
341,0.29937847628180947,0.17563361526898547,0.23404086519468237,0
342,0.3044973989642763,0.18074976061775416,0.2187621300245901,0
343,0.319854167011675,0.18074976061775416,0.2034833948545014,0
344,0.29937847628180947,0.16540132457144807,0.2289479534713159,0
345,0.3249730896941383,0.2063304873616012,0.21366921830122898,0
346,0.29937847628180947,0.17563361526898547,0.2391337769180435,0
347,0.3096163216467396,0.18586590596652464,0.21366921830122898,0
348,0.3147352443292064,0.1909820513152951,0.2187621300245901,0
349,0.3044973989642763,0.18074976061775416,0.2289479534713159,0
350,0.319854167011675,0.1960981966640638,0.21366921830122898,0
351,0.29425955359934086,0.17563361526898547,0.23404086519468237,0
352,0.3096163216467396,0.1909820513152951,0.19839048313113672,0
353,0.3044973989642763,0.18074976061775416,0.2187621300245901,0
354,0.29937847628180947,0.17563361526898547,0.21366921830122898,0
355,0.3249730896941383,0.1960981966640638,0.21366921830122898,0
356,0.29937847628180947,0.17563361526898547,0.2391337769180435,0
357,0.3147352443292064,0.1909820513152951,0.2085763065778643,0
358,0.29937847628180947,0.17563361526898547,0.22385504174795656,0
359,0.29937847628180947,0.17563361526898547,0.2085763065778643,0
360,0.3249730896941383,0.1909820513152951,0.2085763065778643,0
361,0.29937847628180947,0.170517469920215,0.2391337769180435,0
362,0.319854167011675,0.20121434201283428,0.21366921830122898,0
363,0.2891406309168776,0.17563361526898547,0.21366921830122898,0
364,0.29937847628180947,0.18074976061775416,0.2085763065778643,0
365,0.3096163216467396,0.1909820513152951,0.2034833948545014,0
366,0.3044973989642763,0.17563361526898547,0.2391337769180435,0
367,0.3300920123766069,0.20121434201283428,0.2085763065778643,0
368,0.29937847628180947,0.16540132457144807,0.23404086519468237,0
369,0.3096163216467396,0.1909820513152951,0.21366921830122898,0
370,0.319854167011675,0.18074976061775416,0.2187621300245901,0
371,0.29937847628180947,0.18074976061775416,0.2289479534713159,0
372,0.3096163216467396,0.1909820513152951,0.18820465968440914,0
373,0.29425955359934086,0.17563361526898547,0.23404086519468237,0
374,0.29937847628180947,0.18586590596652464,0.19839048313113672,0
375,0.3096163216467396,0.17563361526898547,0.2187621300245901,0
376,0.29937847628180947,0.17563361526898547,0.2289479534713159,0
377,0.33521093505907373,0.20121434201283428,0.21366921830122898,0
378,0.29425955359934086,0.170517469920215,0.23404086519468237,0
379,0.319854167011675,0.1909820513152951,0.2187621300245901,0
380,0.29937847628180947,0.18074976061775416,0.22385504174795656,0
381,0.3096163216467396,0.18586590596652464,0.22385504174795656,0
382,0.3249730896941383,0.1960981966640638,0.21366921830122898,0
383,0.29937847628180947,0.18074976061775416,0.2391337769180435,0
384,0.3147352443292064,0.20121434201283428,0.2034833948545014,0
385,0.2891406309168776,0.16540132457144807,0.21366921830122898,0
386,0.3044973989642763,0.18074976061775416,0.21366921830122898,0
387,0.3147352443292064,0.18586590596652464,0.2085763065778643,0
388,0.29937847628180947,0.170517469920215,0.23404086519468237,0
389,0.3249730896941383,0.1909820513152951,0.2085763065778643,0
390,0.2891406309168776,0.16540132457144807,0.2289479534713159,0
391,0.29425955359934086,0.18586590596652464,0.2085763065778643,0
392,0.3147352443292064,0.1909820513152951,0.21366921830122898,0
393,0.3096163216467396,0.18074976061775416,0.2391337769180435,0
394,0.33521093505907373,0.21144663271037345,0.2187621300245901,0
395,0.29937847628180947,0.17563361526898547,0.24422668864140817,0
396,0.3044973989642763,0.18586590596652464,0.19839048313113672,0
397,0.3044973989642763,0.17563361526898547,0.22385504174795656,0
398,0.3044973989642763,0.18586590596652464,0.2187621300245901,0
399,0.3249730896941383,0.1960981966640638,0.21366921830122898,0
400,0.3044973989642763,0.17563361526898547,0.2391337769180435,0
401,0.3147352443292064,0.18074976061775416,0.19839048313113672,0
402,0.2891406309168776,0.16540132457144807,0.2187621300245901,0
403,0.284021708234409,0.17563361526898547,0.2034833948545014,0
404,0.319854167011675,0.1909820513152951,0.2085763065778643,0
405,0.29937847628180947,0.18074976061775416,0.2391337769180435,0
406,0.3249730896941383,0.20121434201283428,0.2085763065778643,0
407,0.29937847628180947,0.16028517922267582,0.22385504174795656,0
408,0.29937847628180947,0.1909820513152951,0.21366921830122898,0
409,0.3147352443292064,0.1909820513152951,0.22385504174795656,0
410,0.29937847628180947,0.17563361526898547,0.22385504174795656,0
411,0.33521093505907373,0.20121434201283428,0.21366921830122898,0
412,0.3044973989642763,0.17563361526898547,0.24422668864140817,0
413,0.3044973989642763,0.18586590596652464,0.19839048313113672,0
414,0.29937847628180947,0.17563361526898547,0.2187621300245901,0
415,0.29937847628180947,0.18074976061775416,0.2187621300245901,0
416,0.3249730896941383,0.1960981966640638,0.2085763065778643,0
417,0.29937847628180947,0.18074976061775416,0.2391337769180435,0
418,0.3147352443292064,0.1909820513152951,0.19839048313113672,0
419,0.29425955359934086,0.17563361526898547,0.22385504174795656,0
420,0.3044973989642763,0.18074976061775416,0.2187621300245901,0
421,0.3300920123766069,0.20121434201283428,0.2187621300245901,0
422,0.284021708234409,0.16540132457144807,0.22385504174795656,0
423,0.3249730896941383,0.20121434201283428,0.21366921830122898,0
424,0.2891406309168776,0.170517469920215,0.2289479534713159,0
425,0.319854167011675,0.20121434201283428,0.21366921830122898,0
426,0.3044973989642763,0.18074976061775416,0.22385504174795656,0
427,0.3044973989642763,0.18074976061775416,0.2187621300245901,0
428,0.3249730896941383,0.1960981966640638,0.2187621300245901,0
429,0.29937847628180947,0.17563361526898547,0.2391337769180435,0
430,0.319854167011675,0.1909820513152951,0.2085763065778643,0
431,0.29937847628180947,0.17563361526898547,0.22385504174795656,0
432,0.3096163216467396,0.18586590596652464,0.2187621300245901,0
433,0.3249730896941383,0.18586590596652464,0.21366921830122898,0
434,0.2891406309168776,0.16540132457144807,0.2289479534713159,0
435,0.3147352443292064,0.20121434201283428,0.2085763065778643,0
436,0.29425955359934086,0.17563361526898547,0.22385504174795656,0
437,0.3096163216467396,0.18586590596652464,0.2187621300245901,0
438,0.3147352443292064,0.1909820513152951,0.21366921830122898,0
439,0.29937847628180947,0.18074976061775416,0.23404086519468237,0
440,0.3300920123766069,0.2063304873616012,0.2085763065778643,0
441,0.29937847628180947,0.170517469920215,0.2391337769180435,0
442,0.2891406309168776,0.170517469920215,0.18820465968440914,0
443,0.319854167011675,0.18074976061775416,0.22385504174795656,0
444,0.29425955359934086,0.16540132457144807,0.21366921830122898,0
445,0.319854167011675,0.1960981966640638,0.2085763065778643,0
446,0.29425955359934086,0.17563361526898547,0.23404086519468237,0
447,0.3096163216467396,0.1909820513152951,0.2085763065778643,0
448,0.29425955359934086,0.170517469920215,0.2034833948545014,0
449,0.3044973989642763,0.18074976061775416,0.22385504174795656,0
450,0.33521093505907373,0.20121434201283428,0.2187621300245901,0
451,0.29937847628180947,0.16028517922267582,0.23404086519468237,0
452,0.3249730896941383,0.1960981966640638,0.21366921830122898,0
453,0.29937847628180947,0.170517469920215,0.21366921830122898,0
454,0.29425955359934086,0.18074976061775416,0.21366921830122898,0
455,0.3300920123766069,0.1960981966640638,0.21366921830122898,0
456,0.29937847628180947,0.17563361526898547,0.2391337769180435,0
457,0.3249730896941383,0.20121434201283428,0.21366921830122898,0
458,0.3044973989642763,0.17563361526898547,0.2289479534713159,0
459,0.3044973989642763,0.18586590596652464,0.2187621300245901,0
460,0.319854167011675,0.1909820513152951,0.2187621300245901,0
461,0.29937847628180947,0.18074976061775416,0.23404086519468237,0
462,0.3249730896941383,0.1960981966640638,0.19839048313113672,0
463,0.26354601750454343,0.15005288852513843,0.2034833948545014,0
464,0.29937847628180947,0.17563361526898547,0.2034833948545014,0
465,0.3044973989642763,0.18074976061775416,0.2034833948545014,0
466,0.29425955359934086,0.17563361526898547,0.2289479534713159,0
467,0.3249730896941383,0.2063304873616012,0.2085763065778643,0
468,0.2891406309168776,0.170517469920215,0.2289479534713159,0
469,0.3096163216467396,0.1960981966640638,0.2187621300245901,0
470,0.3147352443292064,0.18074976061775416,0.2187621300245901,0
471,0.3044973989642763,0.18074976061775416,0.2289479534713159,0
472,0.3300920123766069,0.20121434201283428,0.2085763065778643,0
473,0.29937847628180947,0.18074976061775416,0.24422668864140817,0
474,0.3147352443292064,0.18586590596652464,0.2085763065778643,0
475,0.29937847628180947,0.170517469920215,0.21366921830122898,0
476,0.29937847628180947,0.17563361526898547,0.2187621300245901,0
477,0.319854167011675,0.1960981966640638,0.21366921830122898,0
478,0.29937847628180947,0.17563361526898547,0.2391337769180435,0
479,0.3249730896941383,0.1960981966640638,0.2085763065778643,0
480,0.29937847628180947,0.18074976061775416,0.22385504174795656,0
481,0.3044973989642763,0.18586590596652464,0.2187621300245901,0
482,0.319854167011675,0.18586590596652464,0.2034833948545014,0
483,0.3044973989642763,0.17563361526898547,0.2391337769180435,0
484,0.3147352443292064,0.1960981966640638,0.2034833948545014,0
485,0.29937847628180947,0.17563361526898547,0.2289479534713159,0
486,0.3096163216467396,0.18586590596652464,0.21366921830122898,0
487,0.319854167011675,0.1909820513152951,0.21366921830122898,0
488,0.29937847628180947,0.18074976061775416,0.23404086519468237,0
489,0.3249730896941383,0.2063304873616012,0.2085763065778643,0
490,0.29937847628180947,0.170517469920215,0.23404086519468237,0
491,0.29937847628180947,0.17563361526898547,0.2085763065778643,0
492,0.29937847628180947,0.170517469920215,0.2034833948545014,0
493,0.29937847628180947,0.18074976061775416,0.2289479534713159,0
494,0.3300920123766069,0.2063304873616012,0.21366921830122898,0
495,0.29937847628180947,0.17563361526898547,0.2391337769180435,0
496,0.3096163216467396,0.1909820513152951,0.2085763065778643,0
497,0.3096163216467396,0.18074976061775416,0.22385504174795656,0
498,0.29937847628180947,0.18074976061775416,0.22385504174795656,0
499,0.3249730896941383,0.1909820513152951,0.19839048313113672,0
500,0.2891406309168776,0.170517469920215,0.2289479534713159,0
501,0.3096163216467396,0.18586590596652464,0.2034833948545014,0
502,0.3096163216467396,0.18074976061775416,0.2187621300245901,0
503,0.284021708234409,0.16028517922267582,0.2085763065778643,0
504,0.3300920123766069,0.2063304873616012,0.21366921830122898,0
505,0.3044973989642763,0.17563361526898547,0.2391337769180435,0
506,0.319854167011675,0.1960981966640638,0.21366921830122898,0
507,0.3096163216467396,0.18074976061775416,0.22385504174795656,0
508,0.3044973989642763,0.170517469920215,0.2085763065778643,0
509,0.3147352443292064,0.18586590596652464,0.2085763065778643,0
510,0.2891406309168776,0.17563361526898547,0.23404086519468237,0
511,0.3249730896941383,0.2063304873616012,0.2085763065778643,0
512,0.3044973989642763,0.17563361526898547,0.23404086519468237,0
513,0.2891406309168776,0.170517469920215,0.1932975714077756,0
514,0.3096163216467396,0.18586590596652464,0.2187621300245901,0
515,0.29937847628180947,0.18586590596652464,0.2391337769180435,0
516,0.3249730896941383,0.2063304873616012,0.2085763065778643,0
517,0.29425955359934086,0.170517469920215,0.2289479534713159,0
518,0.3096163216467396,0.18074976061775416,0.21366921830122898,0
519,0.319854167011675,0.17563361526898547,0.21366921830122898,0
520,0.284021708234409,0.170517469920215,0.22385504174795656,0
521,0.33521093505907373,0.2063304873616012,0.21366921830122898,0
522,0.29937847628180947,0.17563361526898547,0.2391337769180435,0
523,0.3147352443292064,0.1909820513152951,0.2085763065778643,0
524,0.29937847628180947,0.17563361526898547,0.21366921830122898,0
525,0.29425955359934086,0.18074976061775416,0.22385504174795656,0
526,0.3249730896941383,0.1960981966640638,0.21366921830122898,0
527,0.29937847628180947,0.17563361526898547,0.24422668864140817,0
528,0.319854167011675,0.1960981966640638,0.2085763065778643,0
529,0.3044973989642763,0.17563361526898547,0.2289479534713159,0
530,0.29937847628180947,0.18074976061775416,0.2187621300245901,0
531,0.3249730896941383,0.1909820513152951,0.21366921830122898,0
532,0.29937847628180947,0.170517469920215,0.23404086519468237,0
533,0.3147352443292064,0.1909820513152951,0.2034833948545014,0
534,0.3044973989642763,0.170517469920215,0.2289479534713159,0
535,0.3096163216467396,0.18586590596652464,0.2187621300245901,0
536,0.319854167011675,0.1909820513152951,0.2187621300245901,0
537,0.3044973989642763,0.16540132457144807,0.2289479534713159,0
538,0.319854167011675,0.20121434201283428,0.19839048313113672,0
539,0.29425955359934086,0.17563361526898547,0.2289479534713159,0
540,0.3096163216467396,0.18586590596652464,0.21366921830122898,0
541,0.3147352443292064,0.18586590596652464,0.21366921830122898,0
542,0.29937847628180947,0.18074976061775416,0.23404086519468237,0
543,0.3147352443292064,0.1960981966640638,0.19839048313113672,0
544,0.29937847628180947,0.170517469920215,0.2391337769180435,0
545,0.3147352443292064,0.1960981966640638,0.21366921830122898,0
546,0.3096163216467396,0.18074976061775416,0.22385504174795656,0
547,0.29937847628180947,0.18074976061775416,0.2289479534713159,0
548,0.319854167011675,0.1909820513152951,0.2034833948545014,0
549,0.2891406309168776,0.17563361526898547,0.24422668864140817,0
550,0.3147352443292064,0.1960981966640638,0.2085763065778643,0
551,0.3096163216467396,0.17563361526898547,0.22385504174795656,0
552,0.3044973989642763,0.18074976061775416,0.22385504174795656,0
553,0.33521093505907373,0.20121434201283428,0.22385504174795656,0
554,0.29937847628180947,0.17563361526898547,0.24422668864140817,0
555,0.319854167011675,0.1960981966640638,0.21366921830122898,0
556,0.3044973989642763,0.17563361526898547,0.2187621300245901,0
557,0.3044973989642763,0.18074976061775416,0.22385504174795656,0
558,0.3300920123766069,0.1909820513152951,0.21366921830122898,0
559,0.29425955359934086,0.16540132457144807,0.23404086519468237,0
560,0.3044973989642763,0.20121434201283428,0.2085763065778643,0
561,0.29937847628180947,0.17563361526898547,0.2289479534713159,0
562,0.3044973989642763,0.18074976061775416,0.2187621300245901,0
563,0.29937847628180947,0.18586590596652464,0.2034833948545014,0
564,0.3044973989642763,0.17563361526898547,0.2391337769180435,0
565,0.3300920123766069,0.2063304873616012,0.21366921830122898,0
566,0.3044973989642763,0.18074976061775416,0.24422668864140817,0
567,0.3147352443292064,0.18586590596652464,0.21366921830122898,0
568,0.3147352443292064,0.18586590596652464,0.22385504174795656,0
569,0.29937847628180947,0.18074976061775416,0.2289479534713159,0
570,0.3300920123766069,0.1960981966640638,0.2034833948545014,0
571,0.2891406309168776,0.16540132457144807,0.22385504174795656,0
572,0.3096163216467396,0.18586590596652464,0.2085763065778643,0
573,0.29425955359934086,0.16540132457144807,0.2034833948545014,0
574,0.29937847628180947,0.18586590596652464,0.2289479534713159,0
575,0.3249730896941383,0.20121434201283428,0.21366921830122898,0
576,0.29937847628180947,0.17563361526898547,0.2391337769180435,0
577,0.3147352443292064,0.1960981966640638,0.2085763065778643,0
578,0.3096163216467396,0.17563361526898547,0.2187621300245901,0
579,0.3044973989642763,0.170517469920215,0.2187621300245901,0
580,0.3147352443292064,0.18586590596652464,0.19839048313113672,0
581,0.29425955359934086,0.17563361526898547,0.2391337769180435,0
582,0.3147352443292064,0.1960981966640638,0.21366921830122898,0
583,0.3096163216467396,0.18074976061775416,0.22385504174795656,0
584,0.3044973989642763,0.18586590596652464,0.2187621300245901,0
585,0.3300920123766069,0.1909820513152951,0.21366921830122898,0
586,0.3044973989642763,0.18074976061775416,0.24422668864140817,0
587,0.3249730896941383,0.20121434201283428,0.21366921830122898,0
588,0.29937847628180947,0.17563361526898547,0.2289479534713159,0
589,0.3096163216467396,0.17563361526898547,0.2187621300245901,0
590,0.3096163216467396,0.17563361526898547,0.2034833948545014,0
591,0.29425955359934086,0.170517469920215,0.23404086519468237,0
592,0.319854167011675,0.20121434201283428,0.2085763065778643,0
593,0.29937847628180947,0.170517469920215,0.2289479534713159,0
594,0.3044973989642763,0.1909820513152951,0.21366921830122898,0
595,0.3147352443292064,0.18586590596652464,0.21366921830122898,0
596,0.29425955359934086,0.17563361526898547,0.23404086519468237,0
597,0.3300920123766069,0.21144663271037345,0.2187621300245901,0
598,0.3044973989642763,0.18074976061775416,0.2391337769180435,0
599,0.3147352443292064,0.1960981966640638,0.2187621300245901,0
600,0.3147352443292064,0.18074976061775416,0.2187621300245901,0
601,0.3044973989642763,0.17563361526898547,0.22385504174795656,0
602,0.319854167011675,0.20121434201283428,0.19839048313113672,0
603,0.284021708234409,0.16028517922267582,0.22385504174795656,0
604,0.3096163216467396,0.1960981966640638,0.21366921830122898,0
605,0.3044973989642763,0.18074976061775416,0.22385504174795656,0
606,0.29937847628180947,0.18586590596652464,0.2187621300245901,0
607,0.3249730896941383,0.2063304873616012,0.21366921830122898,0
608,0.3044973989642763,0.18074976061775416,0.23404086519468237,0
609,0.3096163216467396,0.18586590596652464,0.2187621300245901,0
610,0.3147352443292064,0.170517469920215,0.2034833948545014,0
611,0.2891406309168776,0.16540132457144807,0.22385504174795656,0
612,0.3249730896941383,0.20121434201283428,0.2085763065778643,0
613,0.29937847628180947,0.17563361526898547,0.2289479534713159,0
614,0.3096163216467396,0.1909820513152951,0.21366921830122898,0
615,0.3147352443292064,0.18586590596652464,0.21366921830122898,0
616,0.29425955359934086,0.18074976061775416,0.2289479534713159,0
617,0.3300920123766069,0.20121434201283428,0.2085763065778643,0
618,0.29425955359934086,0.170517469920215,0.2391337769180435,0
619,0.3044973989642763,0.17563361526898547,0.2034833948545014,0
620,0.29937847628180947,0.17563361526898547,0.2085763065778643,0
621,0.3044973989642763,0.170517469920215,0.22385504174795656,0
622,0.3249730896941383,0.1909820513152951,0.2034833948545014,0
623,0.2891406309168776,0.170517469920215,0.23404086519468237,0
624,0.3147352443292064,0.1909820513152951,0.21366921830122898,0
625,0.3096163216467396,0.18074976061775416,0.22385504174795656,0
626,0.3044973989642763,0.18586590596652464,0.2289479534713159,0
627,0.33521093505907373,0.1960981966640638,0.2187621300245901,0
628,0.29937847628180947,0.17563361526898547,0.24422668864140817,0
629,0.3147352443292064,0.1960981966640638,0.2085763065778643,0
630,0.284021708234409,0.16028517922267582,0.2085763065778643,0
631,0.3044973989642763,0.17563361526898547,0.21366921830122898,0
632,0.3096163216467396,0.1909820513152951,0.2034833948545014,0
633,0.29425955359934086,0.18074976061775416,0.2391337769180435,0
634,0.3249730896941383,0.2063304873616012,0.21366921830122898,0
635,0.29937847628180947,0.17563361526898547,0.2289479534713159,0
636,0.3096163216467396,0.1909820513152951,0.21366921830122898,0
637,0.3147352443292064,0.18586590596652464,0.2187621300245901,0
638,0.29937847628180947,0.17563361526898547,0.23404086519468237,0
639,0.3249730896941383,0.1909820513152951,0.2034833948545014,0
640,0.3096163216467396,0.17563361526898547,0.24422668864140817,0
641,0.29937847628180947,0.170517469920215,0.2034833948545014,0
642,0.3044973989642763,0.18586590596652464,0.21366921830122898,0
643,0.29425955359934086,0.18074976061775416,0.2289479534713159,0
644,0.3300920123766069,0.2063304873616012,0.21366921830122898,0
645,0.3044973989642763,0.18074976061775416,0.2391337769180435,0
646,0.3147352443292064,0.1909820513152951,0.21366921830122898,0
647,0.3147352443292064,0.18586590596652464,0.2187621300245901,0
648,0.3044973989642763,0.18074976061775416,0.2289479534713159,0
649,0.3249730896941383,0.1909820513152951,0.19839048313113672,0
650,0.2891406309168776,0.170517469920215,0.23404086519468237,0
651,0.3044973989642763,0.18074976061775416,0.1932975714077756,0
652,0.3044973989642763,0.17563361526898547,0.2187621300245901,0
653,0.3044973989642763,0.18074976061775416,0.22385504174795656,0
654,0.3249730896941383,0.20121434201283428,0.2085763065778643,0
655,0.29937847628180947,0.17563361526898547,0.2391337769180435,0
656,0.3147352443292064,0.1909820513152951,0.2085763065778643,0
657,0.3096163216467396,0.18074976061775416,0.2289479534713159,0
658,0.3044973989642763,0.18074976061775416,0.2187621300245901,0
659,0.3300920123766069,0.18586590596652464,0.2034833948545014,0
660,0.3044973989642763,0.17563361526898547,0.24422668864140817,0
661,0.3096163216467396,0.20121434201283428,0.2085763065778643,0
662,0.3096163216467396,0.18074976061775416,0.2289479534713159,0
663,0.3096163216467396,0.1909820513152951,0.2187621300245901,0
664,0.319854167011675,0.1960981966640638,0.2187621300245901,0
665,0.29425955359934086,0.16540132457144807,0.2289479534713159,0
666,0.3147352443292064,0.2063304873616012,0.2085763065778643,0
667,0.29425955359934086,0.17563361526898547,0.2289479534713159,0
668,0.3147352443292064,0.1909820513152951,0.21366921830122898,0
669,0.3147352443292064,0.18074976061775416,0.21366921830122898,0
670,0.29937847628180947,0.18074976061775416,0.23404086519468237,0
671,0.3249730896941383,0.2063304873616012,0.21366921830122898,0
672,0.29937847628180947,0.17563361526898547,0.2391337769180435,0
673,0.3044973989642763,0.17563361526898547,0.2034833948545014,0
674,0.3096163216467396,0.18074976061775416,0.2187621300245901,0
675,0.3044973989642763,0.18074976061775416,0.22385504174795656,0
676,0.3300920123766069,0.2063304873616012,0.21366921830122898,0
677,0.29937847628180947,0.18074976061775416,0.2391337769180435,0
678,0.3147352443292064,0.1960981966640638,0.21366921830122898,0
679,0.3044973989642763,0.170517469920215,0.22385504174795656,0
680,0.284021708234409,0.16028517922267582,0.19839048313113672,0
681,0.3300920123766069,0.18586590596652464,0.2085763065778643,0
682,0.2891406309168776,0.16028517922267582,0.2289479534713159,0
683,0.3147352443292064,0.1909820513152951,0.2034833948545014,0
684,0.3044973989642763,0.18074976061775416,0.22385504174795656,0
685,0.3044973989642763,0.1909820513152951,0.22385504174795656,0
686,0.3249730896941383,0.1960981966640638,0.2187621300245901,0
687,0.29937847628180947,0.18074976061775416,0.2391337769180435,0
688,0.3249730896941383,0.2063304873616012,0.2085763065778643,0
689,0.3044973989642763,0.16540132457144807,0.23404086519468237,0
690,0.29425955359934086,0.17563361526898547,0.2034833948545014,0
691,0.319854167011675,0.18586590596652464,0.2187621300245901,0
692,0.2891406309168776,0.16028517922267582,0.22385504174795656,0
693,0.3096163216467396,0.2063304873616012,0.2034833948545014,0
694,0.29425955359934086,0.170517469920215,0.2289479534713159,0
695,0.3096163216467396,0.1909820513152951,0.21366921830122898,0
696,0.319854167011675,0.1909820513152951,0.2187621300245901,0
697,0.29937847628180947,0.18074976061775416,0.23404086519468237,0
698,0.3300920123766069,0.2063304873616012,0.2085763065778643,0
699,0.29937847628180947,0.17563361526898547,0.23404086519468237,0
700,0.3147352443292064,0.18586590596652464,0.2187621300245901,0
701,0.3044973989642763,0.18074976061775416,0.2085763065778643,0
702,0.3044973989642763,0.18074976061775416,0.22385504174795656,0
703,0.33521093505907373,0.20121434201283428,0.21366921830122898,0
704,0.3044973989642763,0.18074976061775416,0.24931960036477108,0
705,0.319854167011675,0.20121434201283428,0.2085763065778643,0
706,0.3044973989642763,0.17563361526898547,0.22385504174795656,0
707,0.3044973989642763,0.18074976061775416,0.21366921830122898,0
708,0.319854167011675,0.18586590596652464,0.19839048313113672,0
709,0.2891406309168776,0.16540132457144807,0.2289479534713159,0
710,0.3147352443292064,0.1909820513152951,0.2034833948545014,0
711,0.2891406309168776,0.170517469920215,0.2391337769180435,0
712,0.319854167011675,0.20121434201283428,0.2085763065778643,0
713,0.29937847628180947,0.17563361526898547,0.22385504174795656,0
714,0.3044973989642763,0.18586590596652464,0.2187621300245901,0
715,0.3300920123766069,0.18586590596652464,0.21366921830122898,0
716,0.2891406309168776,0.16028517922267582,0.2289479534713159,0
717,0.3096163216467396,0.20121434201283428,0.2034833948545014,0
718,0.29425955359934086,0.17563361526898547,0.2289479534713159,0
719,0.3044973989642763,0.18586590596652464,0.21366921830122898,0
720,0.319854167011675,0.1909820513152951,0.21366921830122898,0
721,0.29937847628180947,0.18074976061775416,0.23404086519468237,0
722,0.3300920123766069,0.2063304873616012,0.21366921830122898,0
723,0.29937847628180947,0.17563361526898547,0.23404086519468237,0
724,0.3096163216467396,0.18586590596652464,0.2187621300245901,0
725,0.3044973989642763,0.18074976061775416,0.2085763065778643,0
726,0.29425955359934086,0.170517469920215,0.2289479534713159,0
727,0.3249730896941383,0.2063304873616012,0.2085763065778643,0
728,0.29937847628180947,0.17563361526898547,0.23404086519468237,0
729,0.3096163216467396,0.18586590596652464,0.21366921830122898,0
730,0.3147352443292064,0.18586590596652464,0.22385504174795656,0
731,0.3044973989642763,0.18074976061775416,0.2289479534713159,0
732,0.3300920123766069,0.18586590596652464,0.2034833948545014,0
733,0.29425955359934086,0.170517469920215,0.2289479534713159,0
734,0.3096163216467396,0.20121434201283428,0.21366921830122898,0
735,0.3044973989642763,0.18074976061775416,0.22385504174795656,0
736,0.3096163216467396,0.18586590596652464,0.2187621300245901,0
737,0.3249730896941383,0.1960981966640638,0.21366921830122898,0
738,0.29937847628180947,0.17563361526898547,0.2391337769180435,0
739,0.319854167011675,0.1909820513152951,0.2085763065778643,0
740,0.29425955359934086,0.16540132457144807,0.21366921830122898,0
741,0.29937847628180947,0.17563361526898547,0.2187621300245901,0
742,0.319854167011675,0.1960981966640638,0.21366921830122898,0
743,0.29937847628180947,0.17563361526898547,0.2391337769180435,0
744,0.319854167011675,0.20121434201283428,0.21366921830122898,0
745,0.3044973989642763,0.18074976061775416,0.22385504174795656,0
746,0.3096163216467396,0.18586590596652464,0.2187621300245901,0
747,0.319854167011675,0.18074976061775416,0.2085763065778643,0
748,0.2891406309168776,0.17563361526898547,0.23404086519468237,0
749,0.319854167011675,0.20121434201283428,0.21366921830122898,0
750,0.3044973989642763,0.17563361526898547,0.2289479534713159,0
751,0.3096163216467396,0.1909820513152951,0.21366921830122898,0
752,0.319854167011675,0.1909820513152951,0.21366921830122898,0
753,0.3044973989642763,0.17563361526898547,0.23404086519468237,0
754,0.3249730896941383,0.20121434201283428,0.2085763065778643,0
755,0.29425955359934086,0.16540132457144807,0.22385504174795656,0
756,0.29425955359934086,0.18586590596652464,0.2034833948545014,0
757,0.3147352443292064,0.18586590596652464,0.2187621300245901,0
758,0.3044973989642763,0.18074976061775416,0.23404086519468237,0
759,0.33521093505907373,0.2063304873616012,0.2187621300245901,0
760,0.29937847628180947,0.17563361526898547,0.2391337769180435,0
761,0.3147352443292064,0.1960981966640638,0.2085763065778643,0
762,0.3044973989642763,0.170517469920215,0.2187621300245901,0
763,0.2891406309168776,0.170517469920215,0.2085763065778643,0
764,0.3249730896941383,0.1960981966640638,0.2085763065778643,0
765,0.29425955359934086,0.17563361526898547,0.2391337769180435,0
766,0.3147352443292064,0.1960981966640638,0.21366921830122898,0
767,0.3096163216467396,0.18586590596652464,0.22385504174795656,0
768,0.3044973989642763,0.18074976061775416,0.22385504174795656,0
769,0.3300920123766069,0.20121434201283428,0.21366921830122898,0
770,0.29937847628180947,0.16540132457144807,0.23404086519468237,0
771,0.3147352443292064,0.2063304873616012,0.2085763065778643,0
772,0.29937847628180947,0.17563361526898547,0.23404086519468237,0
773,0.3096163216467396,0.18586590596652464,0.21366921830122898,0
774,0.319854167011675,0.1909820513152951,0.2187621300245901,0
775,0.29937847628180947,0.17563361526898547,0.23404086519468237,0
776,0.3249730896941383,0.20121434201283428,0.2085763065778643,0
777,0.29937847628180947,0.16028517922267582,0.2187621300245901,0
778,0.29425955359934086,0.18074976061775416,0.2085763065778643,0
779,0.3147352443292064,0.18586590596652464,0.21366921830122898,0
780,0.3044973989642763,0.17563361526898547,0.23404086519468237,0
781,0.33521093505907373,0.21144663271037345,0.2187621300245901,0
782,0.3044973989642763,0.18074976061775416,0.24422668864140817,0
783,0.319854167011675,0.1960981966640638,0.21366921830122898,0
784,0.3147352443292064,0.170517469920215,0.2187621300245901,0
785,0.2891406309168776,0.17563361526898547,0.2085763065778643,0
786,0.319854167011675,0.1960981966640638,0.2085763065778643,0
787,0.29937847628180947,0.17563361526898547,0.2391337769180435,0
788,0.3147352443292064,0.1960981966640638,0.2085763065778643,0
789,0.3044973989642763,0.18074976061775416,0.22385504174795656,0
790,0.29937847628180947,0.18074976061775416,0.2187621300245901,0
791,0.33521093505907373,0.1960981966640638,0.2085763065778643,0
792,0.2891406309168776,0.170517469920215,0.2289479534713159,0
793,0.3096163216467396,0.20121434201283428,0.21366921830122898,0
794,0.3044973989642763,0.17563361526898547,0.23404086519468237,0
795,0.3096163216467396,0.18586590596652464,0.2187621300245901,0
796,0.319854167011675,0.1909820513152951,0.2187621300245901,0
797,0.3044973989642763,0.18074976061775416,0.23404086519468237,0
798,0.3249730896941383,0.2063304873616012,0.21366921830122898,0
799,0.29937847628180947,0.17563361526898547,0.23404086519468237,0
800,0.3096163216467396,0.1909820513152951,0.21366921830122898,0
801,0.3147352443292064,0.17563361526898547,0.21366921830122898,0
802,0.29425955359934086,0.170517469920215,0.2187621300245901,0
803,0.319854167011675,0.20121434201283428,0.2034833948545014,0
804,0.29937847628180947,0.17563361526898547,0.23404086519468237,0
805,0.3147352443292064,0.1909820513152951,0.21366921830122898,0
806,0.3096163216467396,0.18586590596652464,0.22385504174795656,0
807,0.3044973989642763,0.18074976061775416,0.2289479534713159,0
808,0.3300920123766069,0.20121434201283428,0.21366921830122898,0
809,0.29937847628180947,0.17563361526898547,0.2391337769180435,0
810,0.3147352443292064,0.18586590596652464,0.2034833948545014,0
811,0.29937847628180947,0.17563361526898547,0.2034833948545014,0
812,0.29937847628180947,0.17563361526898547,0.2187621300245901,0
813,0.3300920123766069,0.1960981966640638,0.21366921830122898,0
814,0.29937847628180947,0.17563361526898547,0.2391337769180435,0
815,0.319854167011675,0.1960981966640638,0.21366921830122898,0
816,0.29937847628180947,0.16540132457144807,0.2391337769180435,0
817,0.319854167011675,0.20121434201283428,0.2085763065778643,0
818,0.3044973989642763,0.17563361526898547,0.22385504174795656,0
819,0.3044973989642763,0.18586590596652464,0.2187621300245901,0
820,0.3249730896941383,0.1960981966640638,0.2085763065778643,0
821,0.2891406309168776,0.170517469920215,0.2187621300245901,0
822,0.319854167011675,0.20121434201283428,0.2085763065778643,0
823,0.3044973989642763,0.17563361526898547,0.2289479534713159,0
824,0.3096163216467396,0.18586590596652464,0.2187621300245901,0
825,0.319854167011675,0.1909820513152951,0.2187621300245901,0
826,0.3044973989642763,0.170517469920215,0.23404086519468237,0
827,0.3096163216467396,0.20121434201283428,0.1932975714077756,0
828,0.29937847628180947,0.17563361526898547,0.2289479534713159,0
829,0.3147352443292064,0.1909820513152951,0.2187621300245901,0
830,0.319854167011675,0.18586590596652464,0.2187621300245901,0
831,0.29937847628180947,0.18074976061775416,0.23404086519468237,0
832,0.3249730896941383,0.1909820513152951,0.2085763065778643,0
833,0.2891406309168776,0.17563361526898547,0.2289479534713159,0
834,0.3044973989642763,0.18586590596652464,0.2085763065778643,0
835,0.3147352443292064,0.18586590596652464,0.2187621300245901,0
836,0.3044973989642763,0.18586590596652464,0.2289479534713159,0
837,0.33521093505907373,0.1960981966640638,0.2085763065778643,0
838,0.29425955359934086,0.16540132457144807,0.23404086519468237,0
839,0.3096163216467396,0.18586590596652464,0.2085763065778643,0
840,0.3147352443292064,0.18074976061775416,0.2187621300245901,0
841,0.3044973989642763,0.18074976061775416,0.2289479534713159,0
842,0.3249730896941383,0.20121434201283428,0.21366921830122898,0
843,0.29937847628180947,0.17563361526898547,0.24422668864140817,0
844,0.3147352443292064,0.18586590596652464,0.2034833948545014,0
845,0.3096163216467396,0.17563361526898547,0.2187621300245901,0
846,0.2891406309168776,0.18074976061775416,0.2187621300245901,0
847,0.3300920123766069,0.20121434201283428,0.21366921830122898,0
848,0.29937847628180947,0.17563361526898547,0.24422668864140817,0
849,0.319854167011675,0.20121434201283428,0.2085763065778643,0
850,0.29937847628180947,0.17563361526898547,0.2187621300245901,0
851,0.3096163216467396,0.17563361526898547,0.2085763065778643,0
852,0.319854167011675,0.1909820513152951,0.21366921830122898,0
853,0.29937847628180947,0.18074976061775416,0.2391337769180435,0
854,0.3300920123766069,0.2063304873616012,0.2085763065778643,0
855,0.3044973989642763,0.17563361526898547,0.23404086519468237,0
856,0.29937847628180947,0.18074976061775416,0.2085763065778643,0
857,0.3096163216467396,0.18586590596652464,0.2034833948545014,0
858,0.2891406309168776,0.170517469920215,0.22385504174795656,0
859,0.319854167011675,0.1960981966640638,0.2034833948545014,0
860,0.29937847628180947,0.170517469920215,0.23404086519468237,0
861,0.3096163216467396,0.18586590596652464,0.21366921830122898,0
862,0.3044973989642763,0.18074976061775416,0.2085763065778643,0
863,0.29937847628180947,0.18074976061775416,0.22385504174795656,0
864,0.34032985774154056,0.21144663271037345,0.2187621300245901,0
865,0.29425955359934086,0.17563361526898547,0.24422668864140817,0
866,0.319854167011675,0.1960981966640638,0.21366921830122898,0
867,0.3096163216467396,0.18074976061775416,0.2289479534713159,0
868,0.29937847628180947,0.18074976061775416,0.21366921830122898,0
869,0.3249730896941383,0.1960981966640638,0.21366921830122898,0
870,0.29425955359934086,0.17563361526898547,0.2391337769180435,0
871,0.319854167011675,0.20121434201283428,0.2085763065778643,0
872,0.29937847628180947,0.17563361526898547,0.22385504174795656,0
873,0.3044973989642763,0.17563361526898547,0.21366921830122898,0
874,0.3147352443292064,0.18586590596652464,0.21366921830122898,0
875,0.29425955359934086,0.17563361526898547,0.23404086519468237,0
876,0.3249730896941383,0.20121434201283428,0.2085763065778643,0
877,0.29937847628180947,0.17563361526898547,0.22385504174795656,0
878,0.3044973989642763,0.18586590596652464,0.21366921830122898,0
879,0.319854167011675,0.18074976061775416,0.2085763065778643,0
880,0.29937847628180947,0.17563361526898547,0.23404086519468237,0
881,0.3300920123766069,0.2063304873616012,0.2085763065778643,0
882,0.29937847628180947,0.17563361526898547,0.2391337769180435,0
883,0.3147352443292064,0.1960981966640638,0.2085763065778643,0
884,0.3096163216467396,0.18586590596652464,0.2187621300245901,0
885,0.3044973989642763,0.18074976061775416,0.22385504174795656,0
886,0.3300920123766069,0.20121434201283428,0.21366921830122898,0
887,0.29937847628180947,0.16028517922267582,0.2289479534713159,0
888,0.3096163216467396,0.1909820513152951,0.2034833948545014,0
889,0.3044973989642763,0.17563361526898547,0.2187621300245901,0
890,0.29937847628180947,0.18074976061775416,0.22385504174795656,0
891,0.3249730896941383,0.20121434201283428,0.21366921830122898,0
892,0.29937847628180947,0.170517469920215,0.2391337769180435,0
893,0.3147352443292064,0.18074976061775416,0.2034833948545014,0
894,0.3044973989642763,0.18074976061775416,0.2187621300245901,0
895,0.3044973989642763,0.18074976061775416,0.2187621300245901,0
896,0.3300920123766069,0.20121434201283428,0.21366921830122898,0
897,0.29937847628180947,0.18074976061775416,0.2391337769180435,0
898,0.319854167011675,0.20121434201283428,0.21366921830122898,0
899,0.29425955359934086,0.17563361526898547,0.21366921830122898,0
900,0.3044973989642763,0.18586590596652464,0.2187621300245901,0
901,0.3249730896941383,0.1909820513152951,0.21366921830122898,0
902,0.3044973989642763,0.18074976061775416,0.2391337769180435,0
903,0.3300920123766069,0.20121434201283428,0.2085763065778643,0
904,0.29937847628180947,0.17563361526898547,0.23404086519468237,0
905,0.29937847628180947,0.18074976061775416,0.2034833948545014,0
906,0.3147352443292064,0.18586590596652464,0.2085763065778643,0
907,0.29425955359934086,0.17563361526898547,0.2289479534713159,0
908,0.3249730896941383,0.2063304873616012,0.2085763065778643,0
909,0.29937847628180947,0.17563361526898547,0.23404086519468237,0
910,0.3096163216467396,0.17563361526898547,0.21366921830122898,0
911,0.3044973989642763,0.18074976061775416,0.21366921830122898,0
912,0.29425955359934086,0.17563361526898547,0.23404086519468237,0
913,0.3300920123766069,0.20121434201283428,0.2085763065778643,0
914,0.29937847628180947,0.17563361526898547,0.2289479534713159,0
915,0.3147352443292064,0.1909820513152951,0.21366921830122898,0
916,0.3147352443292064,0.17563361526898547,0.2085763065778643,0
917,0.29937847628180947,0.18074976061775416,0.2289479534713159,0
918,0.3300920123766069,0.2063304873616012,0.21366921830122898,0
919,0.29937847628180947,0.17563361526898547,0.2391337769180435,0
920,0.319854167011675,0.1960981966640638,0.21366921830122898,0
921,0.3044973989642763,0.18074976061775416,0.2187621300245901,0
922,0.29425955359934086,0.17563361526898547,0.2085763065778643,0
923,0.3249730896941383,0.1909820513152951,0.21366921830122898,0
924,0.29937847628180947,0.17563361526898547,0.2391337769180435,0
925,0.3147352443292064,0.20121434201283428,0.2085763065778643,0
926,0.3044973989642763,0.18074976061775416,0.22385504174795656,0
927,0.3044973989642763,0.18074976061775416,0.2187621300245901,0
928,0.319854167011675,0.1909820513152951,0.2085763065778643,0
929,0.29937847628180947,0.17563361526898547,0.23404086519468237,0
930,0.319854167011675,0.2063304873616012,0.2085763065778643,0
931,0.3044973989642763,0.18074976061775416,0.2289479534713159,0
932,0.3096163216467396,0.18586590596652464,0.2187621300245901,0
933,0.319854167011675,0.18074976061775416,0.21366921830122898,0
934,0.29425955359934086,0.17563361526898547,0.2289479534713159,0
935,0.319854167011675,0.20121434201283428,0.2034833948545014,0
936,0.29937847628180947,0.17563361526898547,0.22385504174795656,0
937,0.3096163216467396,0.18074976061775416,0.21366921830122898,0
938,0.3147352443292064,0.1909820513152951,0.21366921830122898,0
939,0.29425955359934086,0.16540132457144807,0.22385504174795656,0
940,0.3249730896941383,0.2063304873616012,0.2085763065778643,0
941,0.3044973989642763,0.17563361526898547,0.23404086519468237,0
942,0.319854167011675,0.1960981966640638,0.21366921830122898,0
943,0.3147352443292064,0.18586590596652464,0.22385504174795656,0
944,0.3044973989642763,0.18074976061775416,0.2289479534713159,0
945,0.33521093505907373,0.1960981966640638,0.2034833948545014,0
946,0.29425955359934086,0.170517469920215,0.2391337769180435,0
947,0.3096163216467396,0.1909820513152951,0.2085763065778643,0
948,0.3044973989642763,0.17563361526898547,0.2187621300245901,0
949,0.29937847628180947,0.18074976061775416,0.2187621300245901,0
950,0.3300920123766069,0.20121434201283428,0.21366921830122898,0
951,0.2891406309168776,0.170517469920215,0.2289479534713159,0
952,0.3147352443292064,0.1960981966640638,0.2085763065778643,0
953,0.3044973989642763,0.18074976061775416,0.22385504174795656,0
954,0.3044973989642763,0.18074976061775416,0.22385504174795656,0
955,0.3249730896941383,0.1960981966640638,0.21366921830122898,0
956,0.29937847628180947,0.170517469920215,0.2391337769180435,0
957,0.3096163216467396,0.1960981966640638,0.2085763065778643,0
958,0.3044973989642763,0.17563361526898547,0.2289479534713159,0
959,0.3044973989642763,0.18586590596652464,0.21366921830122898,0
960,0.3249730896941383,0.1909820513152951,0.21366921830122898,0
961,0.29937847628180947,0.17563361526898547,0.23404086519468237,0
